timestamp,cpu_usage,ram_usage,disk_usage,bytes_sent,bytes_received,packets_sent,packets_received,active_connections,response_time_ms,time_diff_seconds,bytes_sent_diff,bytes_received_diff,packets_sent_diff,packets_received_diff,bytes_sent_per_second,bytes_received_per_second,packets_sent_per_second,packets_received_per_second,network_bytes_per_second,network_packets_per_second,high_cpu,high_ram,high_response_time,anomaly_prediction,anomaly_score,status
2026-08-19 12:11:32,12.0,84.6,71.8,3404430,17182727,6775,8301,104,510.76,1.0,0.0,0.0,0.0,0.0,0.0,0.0,0.0,0.0,0.0,0.0,0,0,0,1,0.0975543038275089,NORMAL
2026-08-19 12:11:39,17.5,84.5,71.8,3428571,17224004,6823,8369,108,452.26,7.0,24141.0,41277.0,48.0,68.0,3448.714285714286,5896.714285714285,6.857142857142857,9.714285714285714,9345.42857142857,16.57142857142857,0,0,0,1,0.14096966345597362,NORMAL
2026-08-19 12:12:59,28.0,85.6,71.8,4469244,17857876,7400,9385,112,490.17,80.0,1040673.0,633872.0,577.0,1016.0,13008.4125,7923.4,7.2125,12.7,20931.8125,19.9125,0,0,0,1,0.0957027754249456,NORMAL
2026-08-19 12:13:05,7.7,84.6,71.8,4488568,17899982,7439,9437,112,427.31,6.0,19324.0,42106.0,39.0,52.0,3220.6666666666665,7017.666666666667,6.5,8.666666666666666,10238.333333333334,15.166666666666666,0,0,0,1,0.13189812212115531,NORMAL
2026-08-19 12:13:12,13.2,85.4,71.8,4534900,17938364,7482,9499,106,499.26,7.0,46332.0,38382.0,43.0,62.0,6618.857142857143,5483.142857142857,6.142857142857143,8.857142857142858,12102.0,15.0,0,0,0,1,0.1259830669507575,NORMAL
2026-08-19 12:13:18,18.7,88.4,71.8,4812982,19689756,8260,11212,161,464.58,6.0,278082.0,1751392.0,778.0,1713.0,46347.0,291898.6666666667,129.66666666666666,285.5,338245.6666666667,415.1666666666666,0,0,0,1,0.029908364886784167,NORMAL
2026-08-19 12:13:25,10.1,89.0,71.8,4895569,20839064,8508,12222,161,457.32,7.0,82587.0,1149308.0,248.0,1010.0,11798.142857142857,164186.85714285713,35.42857142857143,144.28571428571428,175985.0,179.71428571428572,0,0,0,1,0.09616153315487436,NORMAL
2026-08-19 12:13:31,20.4,89.3,71.8,5030421,24153574,8984,14900,162,461.14,6.0,134852.0,3314510.0,476.0,2678.0,22475.33333333333,552418.3333333334,79.33333333333333,446.3333333333333,574893.6666666667,525.6666666666666,0,0,0,1,0.07595050357867661,NORMAL
2026-08-19 12:13:38,13.2,91.3,71.8,5195167,28910557,9820,18700,164,438.28,7.0,164746.0,4756983.0,836.0,3800.0,23535.14285714286,679569.0,119.42857142857144,542.8571428571429,703104.1428571428,662.2857142857143,0,1,0,1,0.04914291022954165,NORMAL
2026-08-19 12:13:44,17.1,89.5,71.8,5248010,30221300,10043,19775,144,464.29,6.0,52843.0,1310743.0,223.0,1075.0,8807.166666666666,218457.16666666663,37.16666666666666,179.16666666666666,227264.3333333333,216.3333333333333,0,0,0,1,0.10987514244002838,NORMAL
2026-08-19 12:13:51,9.9,88.7,71.8,5271686,30638268,10119,20127,139,465.66,7.0,23676.0,416968.0,76.0,352.0,3382.285714285714,59566.857142857145,10.857142857142858,50.285714285714285,62949.14285714286,61.14285714285714,0,0,0,1,0.12496331305941183,NORMAL
2026-08-19 12:13:57,11.5,88.8,71.8,5277428,30657022,10142,20163,132,459.65,6.0,5742.0,18754.0,23.0,36.0,957.0,3125.6666666666665,3.8333333333333335,6.0,4082.6666666666665,9.833333333333334,0,0,0,1,0.14815770485934537,NORMAL
2026-08-19 12:14:04,11.0,88.6,71.8,5288911,30694059,10180,20217,124,458.62,7.0,11483.0,37037.0,38.0,54.0,1640.428571428571,5291.0,5.428571428571429,7.714285714285714,6931.428571428572,13.142857142857142,0,0,0,1,0.15129234079699383,NORMAL
2026-08-19 12:14:10,14.1,88.5,71.8,5294368,30718857,10198,20255,124,445.53,6.0,5457.0,24798.0,18.0,38.0,909.5,4133.0,3.0,6.333333333333333,5042.5,9.333333333333332,0,0,0,1,0.14790336191561015,NORMAL
2026-08-19 12:14:17,20.7,89.4,71.8,5393174,32089722,10467,21428,132,447.02,7.0,98806.0,1370865.0,269.0,1173.0,14115.142857142857,195837.85714285716,38.42857142857143,167.57142857142858,209953.0,206.0,0,0,0,1,0.10928514722396693,NORMAL
2026-08-19 12:14:23,14.7,88.4,71.8,5484573,34928756,10905,23720,132,430.75,6.0,91399.0,2839034.0,438.0,2292.0,15233.166666666666,473172.3333333333,73.0,382.0,488405.5,455.0,0,0,0,1,0.08226572945597788,NORMAL
2026-08-19 12:14:30,12.2,87.6,71.8,5506837,35447395,10989,24151,134,440.45,7.0,22264.0,518639.0,84.0,431.0,3180.5714285714284,74091.28571428571,12.0,61.57142857142857,77271.85714285714,73.57142857142857,0,0,0,1,0.11972732286321186,NORMAL
2026-08-19 12:14:36,6.2,87.7,71.8,5533164,35915422,11077,24548,135,428.62,6.0,26327.0,468027.0,88.0,397.0,4387.833333333333,78004.5,14.666666666666666,66.16666666666667,82392.33333333333,80.83333333333334,0,0,0,1,0.10100351816624659,NORMAL
2026-08-19 12:14:43,22.9,89.0,71.8,5715213,40402173,11825,28179,137,571.18,7.0,182049.0,4486751.0,748.0,3631.0,26007.0,640964.4285714285,106.85714285714286,518.7142857142857,666971.4285714285,625.5714285714286,0,0,0,1,0.033556817907220426,NORMAL
2026-08-19 12:14:49,3.9,89.2,71.8,5801233,41971615,12123,29498,137,465.92,6.0,86020.0,1569442.0,298.0,1319.0,14336.666666666666,261573.66666666663,49.66666666666666,219.83333333333331,275910.3333333333,269.5,0,0,0,1,0.07434479047762121,NORMAL
2026-08-19 12:14:56,19.8,89.6,71.8,5935361,45065832,12680,32037,142,443.22,7.0,134128.0,3094217.0,557.0,2539.0,19161.14285714286,442031.0,79.57142857142857,362.7142857142857,461192.1428571429,442.2857142857143,0,0,0,1,0.08826710146261907,NORMAL
2026-08-19 12:15:02,15.7,91.6,71.8,6154312,49896460,13542,36039,154,538.8,6.0,218951.0,4830628.0,862.0,4002.0,36491.833333333336,805104.6666666666,143.66666666666666,667.0,841596.5,810.6666666666666,0,1,0,1,0.0028029569361753826,NORMAL
2026-08-19 12:15:09,36.8,92.5,71.8,6626826,53535045,15286,39885,261,581.81,7.0,472514.0,3638585.0,1744.0,3846.0,67502.0,519797.8571428572,249.14285714285717,549.4285714285714,587299.8571428572,798.5714285714286,0,1,0,-1,-0.04634999457468625,ANOMALY
2026-08-19 12:15:15,3.0,90.3,71.8,6657699,53600404,15371,40005,254,500.32,6.0,30873.0,65359.0,85.0,120.0,5145.5,10893.166666666666,14.166666666666666,20.0,16038.666666666666,34.166666666666664,0,1,0,1,0.06213005686823192,NORMAL
2026-08-19 12:15:23,65.7,98.4,71.8,7395587,60186427,19080,45890,505,1777.85,8.0,737888.0,6586023.0,3709.0,5885.0,92236.0,823252.875,463.625,735.625,915488.875,1199.25,0,1,1,-1,-0.1694960197151526,ANOMALY
2026-08-19 12:15:32,35.7,95.8,72.8,8342764,61500869,23740,50275,973,2772.27,9.0,947177.0,1314442.0,4660.0,4385.0,105241.88888888888,146049.11111111112,517.7777777777778,487.22222222222223,251291.0,1005.0,0,1,1,-1,-0.13276257209680264,ANOMALY
2026-08-19 12:15:39,11.2,90.1,72.8,8877256,62974937,26300,53406,1042,443.43,7.0,534492.0,1474068.0,2560.0,3131.0,76356.0,210581.14285714287,365.7142857142857,447.2857142857143,286937.14285714284,813.0,0,1,0,-1,-0.036088528746905824,ANOMALY
2026-08-19 12:15:45,18.6,89.4,72.8,8897908,63028675,26379,53604,1038,449.13,6.0,20652.0,53738.0,79.0,198.0,3442.0,8956.333333333334,13.166666666666666,33.0,12398.333333333334,46.16666666666666,0,0,0,1,0.1653190552520924,NORMAL
2026-08-19 12:15:52,31.5,89.0,72.8,9018939,63117011,26628,53896,979,458.22,7.0,121031.0,88336.0,249.0,292.0,17290.14285714286,12619.42857142857,35.57142857142857,41.71428571428572,29909.571428571428,77.28571428571428,0,0,0,1,0.14143466219342749,NORMAL
2026-08-19 12:16:00,35.1,93.6,72.8,9588872,63742716,29167,56192,1236,2039.73,8.0,569933.0,625705.0,2539.0,2296.0,71241.625,78213.125,317.375,287.0,149454.75,604.375,0,1,1,-1,-0.08506419146545274,ANOMALY
2026-08-19 12:16:06,17.8,93.4,72.8,9911194,64393746,30602,57986,1255,441.77,6.0,322322.0,651030.0,1435.0,1794.0,53720.333333333336,108505.0,239.16666666666663,299.0,162225.33333333334,538.1666666666666,0,1,0,1,0.012361785044175067,NORMAL
2026-08-19 12:16:13,12.7,92.8,72.8,9928382,64428710,30719,58158,1241,473.39,7.0,17188.0,34964.0,117.0,172.0,2455.428571428572,4994.857142857143,16.714285714285715,24.571428571428573,7450.285714285715,41.28571428571429,0,1,0,1,0.12089554564505234,NORMAL
2026-08-19 12:16:19,14.8,89.4,72.8,9947141,64453921,30854,58320,1225,436.91,6.0,18759.0,25211.0,135.0,162.0,3126.5,4201.833333333333,22.5,27.0,7328.333333333333,49.5,0,0,0,1,0.1359600966027873,NORMAL
2026-08-19 12:16:26,13.6,89.2,72.8,9953624,64488413,30890,58383,1212,436.07,7.0,6483.0,34492.0,36.0,63.0,926.1428571428572,4927.428571428572,5.142857142857143,9.0,5853.571428571428,14.142857142857142,0,0,0,1,0.14145515122478236,NORMAL
2026-08-19 12:16:32,32.3,91.0,72.8,9961503,64514707,30946,58512,1193,444.84,6.0,7879.0,26294.0,56.0,129.0,1313.1666666666667,4382.333333333333,9.333333333333334,21.5,5695.5,30.833333333333336,0,1,0,1,0.1209530875106462,NORMAL
2026-08-19 12:16:39,27.6,95.8,72.8,10002050,64605497,31104,58689,1194,447.02,7.0,40547.0,90790.0,158.0,177.0,5792.428571428572,12970.0,22.571428571428573,25.285714285714285,18762.42857142857,47.85714285714286,0,1,0,1,0.09148764718779073,NORMAL
2026-08-19 12:16:45,46.3,96.2,72.8,10033607,64675212,31284,58885,1197,464.49,6.0,31557.0,69715.0,180.0,196.0,5259.5,11619.166666666666,30.0,32.666666666666664,16878.666666666664,62.66666666666666,0,1,0,1,0.06767209541680175,NORMAL
2026-08-19 12:16:52,10.6,93.8,72.8,10090676,64726388,31431,59051,1191,478.72,7.0,57069.0,51176.0,147.0,166.0,8152.714285714285,7310.857142857143,21.0,23.714285714285715,15463.571428571428,44.71428571428572,0,1,0,1,0.1084356973154672,NORMAL
2026-08-19 12:16:58,35.4,94.7,72.8,10109324,64754244,31539,59185,1181,512.35,6.0,18648.0,27856.0,108.0,134.0,3108.0,4642.666666666667,18.0,22.33333333333333,7750.666666666667,40.33333333333333,0,1,0,1,0.07962668844578602,NORMAL
2026-08-19 12:17:05,44.6,96.1,72.8,10179480,65228676,31907,59670,1161,505.05,7.0,70156.0,474432.0,368.0,485.0,10022.285714285714,67776.0,52.57142857142857,69.28571428571429,77798.28571428571,121.85714285714286,0,1,0,1,0.030642873638031976,NORMAL
2026-08-19 12:17:12,45.5,95.9,72.8,10224501,65323635,32026,59824,1113,479.86,7.0,45021.0,94959.0,119.0,154.0,6431.571428571428,13565.57142857143,17.0,22.0,19997.14285714286,39.0,0,1,0,1,0.07784386845532854,NORMAL
2026-08-19 12:17:18,39.9,95.3,72.8,10265753,65378132,32348,60060,997,469.38,6.0,41252.0,54497.0,322.0,236.0,6875.333333333333,9082.833333333334,53.66666666666666,39.333333333333336,15958.166666666668,93.0,0,1,0,1,0.09392533089091831,NORMAL
2026-08-19 12:17:25,48.4,95.8,72.8,10313928,65467801,32687,60337,677,462.47,7.0,48175.0,89669.0,339.0,277.0,6882.142857142857,12809.857142857143,48.42857142857143,39.57142857142857,19692.0,88.0,0,1,0,1,0.08426721874679721,NORMAL
2026-08-19 12:17:31,20.5,89.4,72.8,10513654,65534615,32908,60518,544,429.65,6.0,199726.0,66814.0,221.0,181.0,33287.666666666664,11135.666666666666,36.833333333333336,30.166666666666668,44423.33333333333,67.0,0,0,0,1,0.14907685820561573,NORMAL
2026-08-19 12:17:38,53.0,92.5,72.8,10540650,65587444,33001,60622,482,445.69,7.0,26996.0,52829.0,93.0,104.0,3856.571428571429,7547.0,13.285714285714286,14.857142857142858,11403.571428571428,28.142857142857142,0,1,0,1,0.11947160803106166,NORMAL
2026-08-19 12:17:44,15.9,94.0,72.8,10551164,65630516,33042,60701,479,455.18,6.0,10514.0,43072.0,41.0,79.0,1752.3333333333333,7178.666666666667,6.833333333333333,13.166666666666666,8931.0,20.0,0,1,0,1,0.17323682727495204,NORMAL
2026-08-19 12:17:51,21.0,94.1,72.8,10557985,65656791,33065,60749,479,430.48,7.0,6821.0,26275.0,23.0,48.0,974.4285714285714,3753.571428571429,3.2857142857142856,6.857142857142857,4728.0,10.142857142857142,0,1,0,1,0.17402463908290894,NORMAL
2026-08-19 12:17:57,16.2,91.1,72.8,10563264,65682281,33081,60776,314,454.77,6.0,5279.0,25490.0,16.0,27.0,879.8333333333334,4248.333333333333,2.6666666666666665,4.5,5128.166666666666,7.166666666666666,0,1,0,1,0.22696825082854727,NORMAL
2026-08-19 12:18:04,39.4,87.5,72.8,10574481,65717598,33109,60820,265,466.2,7.0,11217.0,35317.0,28.0,44.0,1602.428571428571,5045.285714285715,4.0,6.285714285714286,6647.714285714286,10.285714285714285,0,0,0,1,0.1969103207000349,NORMAL
2026-08-19 12:18:10,19.8,87.5,72.8,10580380,65749722,33132,60875,262,428.64,6.0,5899.0,32124.0,23.0,55.0,983.1666666666666,5354.0,3.8333333333333335,9.166666666666666,6337.166666666667,13.0,0,0,0,1,0.24926437009841396,NORMAL
2026-08-19 12:18:16,18.2,87.6,72.8,10587638,65774137,33154,60912,262,436.82,6.0,7258.0,24415.0,22.0,37.0,1209.6666666666667,4069.1666666666665,3.6666666666666665,6.166666666666667,5278.833333333333,9.833333333333334,0,0,0,1,0.25111743842367656,NORMAL
2026-08-19 12:18:23,22.6,87.6,72.8,10603189,65802158,33200,60966,262,438.38,7.0,15551.0,28021.0,46.0,54.0,2221.5714285714284,4003.0,6.571428571428571,7.714285714285714,6224.571428571428,14.285714285714285,0,0,0,1,0.24782594129012103,NORMAL
2026-08-19 12:18:29,23.6,87.7,72.8,10616080,65834870,33242,61023,262,449.81,6.0,12891.0,32712.0,42.0,57.0,2148.5,5452.0,7.0,9.5,7600.5,16.5,0,0,0,1,0.2476675451528177,NORMAL
2026-08-19 12:18:36,22.5,87.9,72.8,10626270,65869195,33291,61088,258,443.92,7.0,10190.0,34325.0,49.0,65.0,1455.7142857142858,4903.571428571428,7.0,9.285714285714286,6359.285714285714,16.285714285714285,0,0,0,1,0.2521395672083711,NORMAL
2026-08-19 12:18:42,11.3,88.8,72.8,10732086,66091919,33723,61562,308,439.18,6.0,105816.0,222724.0,432.0,474.0,17636.0,37120.66666666666,72.0,79.0,54756.66666666666,151.0,0,0,0,1,0.16964086649238208,NORMAL
2026-08-19 12:18:49,15.0,88.5,72.8,10741624,66123703,33754,61629,302,434.86,7.0,9538.0,31784.0,31.0,67.0,1362.571428571429,4540.571428571428,4.428571428571429,9.571428571428571,5903.142857142857,14.0,0,0,0,1,0.24348128424946097,NORMAL
2026-08-19 12:18:55,12.8,89.3,72.8,10747652,66150004,33780,61663,301,461.52,6.0,6028.0,26301.0,26.0,34.0,1004.6666666666666,4383.5,4.333333333333333,5.666666666666667,5388.166666666667,10.0,0,0,0,1,0.23608093755363502,NORMAL
2026-08-19 12:19:02,14.0,89.1,72.8,10756748,66181932,33805,61708,299,435.86,7.0,9096.0,31928.0,25.0,45.0,1299.428571428571,4561.142857142857,3.571428571428572,6.428571428571429,5860.571428571428,10.0,0,0,0,1,0.23906845706128105,NORMAL
2026-08-19 12:19:08,17.6,89.3,72.8,10770630,66210272,33847,61769,297,631.19,6.0,13882.0,28340.0,42.0,61.0,2313.6666666666665,4723.333333333333,7.0,10.166666666666666,7037.0,17.166666666666664,0,0,0,1,0.19939970192830758,NORMAL
2026-08-19 12:19:15,14.4,89.3,72.8,10776221,66230818,33866,61797,282,473.02,7.0,5591.0,20546.0,19.0,28.0,798.7142857142857,2935.1428571428573,2.7142857142857144,4.0,3733.857142857143,6.714285714285714,0,0,0,1,0.23821682908271602,NORMAL
2026-08-19 12:19:22,14.0,89.1,72.8,10783748,66264501,33896,61838,229,517.34,7.0,7527.0,33683.0,30.0,41.0,1075.2857142857142,4811.857142857143,4.285714285714286,5.857142857142857,5887.142857142857,10.142857142857142,0,0,0,1,0.2303359574390989,NORMAL
2026-08-19 12:19:28,17.3,88.6,72.8,10789573,66296139,33919,61889,140,507.65,6.0,5825.0,31638.0,23.0,51.0,970.8333333333334,5273.0,3.8333333333333335,8.5,6243.833333333333,12.333333333333334,0,0,0,1,0.24117386981363303,NORMAL
2026-08-19 12:19:35,14.7,88.4,72.8,10795233,66322079,33939,61925,137,462.55,7.0,5660.0,25940.0,20.0,36.0,808.5714285714286,3705.714285714286,2.857142857142857,5.142857142857143,4514.285714285715,8.0,0,0,0,1,0.2516101159408477,NORMAL
2026-08-19 12:19:41,14.3,88.6,72.8,10801479,66344602,33963,61958,137,436.76,6.0,6246.0,22523.0,24.0,33.0,1041.0,3753.8333333333335,4.0,5.5,4794.833333333334,9.5,0,0,0,1,0.24751302639075862,NORMAL
2026-08-19 12:19:48,15.8,88.9,72.8,10831571,66391555,34021,62051,140,430.03,7.0,30092.0,46953.0,58.0,93.0,4298.857142857143,6707.571428571428,8.285714285714286,13.285714285714286,11006.428571428572,21.571428571428573,0,0,0,1,0.24353871923171366,NORMAL
2026-08-19 12:19:54,17.4,90.3,72.8,10852958,66433377,34087,62127,144,463.14,6.0,21387.0,41822.0,66.0,76.0,3564.5,6970.333333333333,11.0,12.666666666666666,10534.833333333332,23.666666666666664,0,1,0,1,0.24069251828746197,NORMAL
2026-08-19 12:20:01,16.3,89.6,72.8,10870153,66460771,34130,62182,144,523.06,7.0,17195.0,27394.0,43.0,55.0,2456.428571428572,3913.428571428572,6.142857142857143,7.857142857142857,6369.857142857143,14.0,0,0,0,1,0.22631585730968684,NORMAL
2026-08-19 12:20:07,29.3,88.4,72.8,10879118,66492672,34161,62226,144,562.9,6.0,8965.0,31901.0,31.0,44.0,1494.1666666666667,5316.833333333333,5.166666666666667,7.333333333333333,6811.0,12.5,0,0,0,1,0.20793236950755917,NORMAL
2026-08-19 12:20:14,21.5,86.1,72.8,10891783,66528497,34214,62294,149,459.61,7.0,12665.0,35825.0,53.0,68.0,1809.2857142857144,5117.857142857143,7.571428571428571,9.714285714285714,6927.142857142857,17.285714285714285,0,0,0,1,0.2615071491908624,NORMAL
2026-08-19 12:20:20,23.1,86.4,72.8,10980385,66673279,34500,62618,177,432.23,6.0,88602.0,144782.0,286.0,324.0,14767.0,24130.33333333333,47.66666666666666,54.0,38897.33333333333,101.66666666666666,0,0,0,1,0.20451260487444545,NORMAL
2026-08-19 12:20:27,16.2,86.0,72.8,10986039,66692729,34521,62653,176,436.58,7.0,5654.0,19450.0,21.0,35.0,807.7142857142857,2778.5714285714284,3.0,5.0,3586.285714285714,8.0,0,0,0,1,0.2627781032726494,NORMAL
2026-08-19 12:20:33,12.3,86.0,72.8,10991610,66723648,34541,62690,176,455.62,6.0,5571.0,30919.0,20.0,37.0,928.5,5153.166666666667,3.333333333333333,6.166666666666667,6081.666666666667,9.5,0,0,0,1,0.2558475544137848,NORMAL
2026-08-19 12:20:40,15.9,86.3,72.8,11006023,66783834,34594,62763,159,516.03,7.0,14413.0,60186.0,53.0,73.0,2059.0,8598.0,7.571428571428571,10.428571428571429,10657.0,18.0,0,0,0,1,0.24379306074913748,NORMAL
2026-08-19 12:20:46,14.9,86.4,72.8,11026133,66858449,34659,62882,147,450.04,6.0,20110.0,74615.0,65.0,119.0,3351.6666666666665,12435.833333333334,10.833333333333334,19.83333333333333,15787.5,30.666666666666664,0,0,0,1,0.2503246366265164,NORMAL
2026-08-19 12:20:53,13.5,86.6,72.8,11036520,66881110,34690,62923,139,468.93,7.0,10387.0,22661.0,31.0,41.0,1483.857142857143,3237.285714285714,4.428571428571429,5.857142857142857,4721.142857142857,10.285714285714285,0,0,0,1,0.2588628896999749,NORMAL
2026-08-19 12:20:59,32.0,87.1,72.8,11042256,66908106,34711,62959,139,463.48,6.0,5736.0,26996.0,21.0,36.0,956.0,4499.333333333333,3.5,6.0,5455.333333333333,9.5,0,0,0,1,0.23400891989925987,NORMAL
2026-08-19 12:21:06,15.5,86.2,72.8,11059506,66972166,34779,63060,146,438.81,7.0,17250.0,64060.0,68.0,101.0,2464.285714285714,9151.42857142857,9.714285714285714,14.428571428571429,11615.714285714284,24.142857142857142,0,0,0,1,0.25694232290309466,NORMAL
2026-08-19 12:21:12,18.1,86.5,72.8,11069570,67024689,34817,63126,147,446.32,6.0,10064.0,52523.0,38.0,66.0,1677.3333333333333,8753.833333333334,6.333333333333333,11.0,10431.166666666668,17.333333333333332,0,0,0,1,0.2579520248645116,NORMAL
2026-08-19 12:21:19,12.1,86.5,72.8,11083067,67057363,34855,63180,145,444.92,7.0,13497.0,32674.0,38.0,54.0,1928.142857142857,4667.714285714285,5.428571428571429,7.714285714285714,6595.857142857142,13.142857142857142,0,0,0,1,0.25557488319034904,NORMAL
2026-08-19 12:21:25,11.3,86.5,72.8,11088894,67089194,34878,63220,145,461.7,6.0,5827.0,31831.0,23.0,40.0,971.1666666666666,5305.166666666667,3.8333333333333335,6.666666666666667,6276.333333333334,10.5,0,0,0,1,0.2530992432494918,NORMAL
2026-08-19 12:21:32,16.6,86.6,72.8,11094830,67116684,34902,63265,147,440.71,7.0,5936.0,27490.0,24.0,45.0,848.0,3927.142857142857,3.4285714285714284,6.428571428571429,4775.142857142857,9.857142857142858,0,0,0,1,0.26053687277528426,NORMAL
2026-08-19 12:21:38,10.5,86.7,72.8,11100195,67140019,34919,63301,147,430.86,6.0,5365.0,23335.0,17.0,36.0,894.1666666666666,3889.1666666666665,2.833333333333333,6.0,4783.333333333333,8.833333333333334,0,0,0,1,0.2516776836592273,NORMAL
2026-08-19 12:21:44,10.7,86.0,72.8,11105935,67180578,34940,63366,147,432.43,6.0,5740.0,40559.0,21.0,65.0,956.6666666666666,6759.833333333333,3.5,10.833333333333334,7716.5,14.333333333333334,0,0,0,1,0.25017413320321996,NORMAL
2026-08-19 12:21:51,21.6,85.9,72.8,11123264,67217836,35003,63446,144,451.91,7.0,17329.0,37258.0,63.0,80.0,2475.5714285714284,5322.571428571428,9.0,11.428571428571429,7798.142857142857,20.42857142857143,0,0,0,1,0.25887901582598444,NORMAL
2026-08-19 12:21:57,16.3,86.1,72.8,11130690,67251283,35044,63505,147,500.55,6.0,7426.0,33447.0,41.0,59.0,1237.6666666666667,5574.5,6.833333333333333,9.833333333333334,6812.166666666667,16.666666666666668,0,0,0,1,0.25256118993927207,NORMAL
2026-08-19 12:22:04,12.7,86.1,72.8,11148456,67368280,35139,63622,154,454.63,7.0,17766.0,116997.0,95.0,117.0,2538.0,16713.85714285714,13.571428571428571,16.714285714285715,19251.85714285714,30.285714285714285,0,0,0,1,0.23863862047685253,NORMAL
2026-08-19 12:22:10,15.7,85.9,72.8,11154321,67380419,35162,63652,151,453.15,6.0,5865.0,12139.0,23.0,30.0,977.5,2023.1666666666667,3.8333333333333335,5.0,3000.666666666667,8.833333333333334,0,0,0,1,0.26246074486431026,NORMAL
2026-08-19 12:22:17,19.7,86.4,72.8,11173169,67439775,35235,63744,152,449.97,7.0,18848.0,59356.0,73.0,92.0,2692.5714285714284,8479.42857142857,10.428571428571429,13.142857142857142,11172.0,23.57142857142857,0,0,0,1,0.25783500688502686,NORMAL
2026-08-19 12:22:23,12.5,86.3,72.8,11184155,67463607,35259,63780,134,434.33,6.0,10986.0,23832.0,24.0,36.0,1831.0,3972.0,4.0,6.0,5803.0,10.0,0,0,0,1,0.2503721678865434,NORMAL
2026-08-19 12:22:30,40.8,86.6,72.8,11235641,68424830,35554,64667,145,462.05,7.0,51486.0,961223.0,295.0,887.0,7355.142857142857,137317.57142857142,42.142857142857146,126.71428571428572,144672.7142857143,168.85714285714286,0,0,0,1,0.14412978666915183,NORMAL
2026-08-19 12:22:36,47.7,90.9,72.8,11937663,76928401,38471,72603,340,565.78,6.0,702022.0,8503571.0,2917.0,7936.0,117003.66666666669,1417261.8333333333,486.1666666666667,1322.6666666666667,1534265.5,1808.8333333333333,0,1,0,-1,-0.09733775757346708,ANOMALY
2026-08-19 12:22:44,25.3,91.1,72.8,12971346,80432785,43786,78835,794,1474.44,8.0,1033683.0,3504384.0,5315.0,6232.0,129210.375,438048.0,664.375,779.0,567258.375,1443.375,0,1,1,-1,-0.13474654944803066,ANOMALY
2026-08-19 12:22:51,20.1,89.8,72.8,13388297,81267867,45565,80976,890,471.62,7.0,416951.0,835082.0,1779.0,2141.0,59564.42857142857,119297.42857142857,254.14285714285717,305.85714285714283,178861.85714285713,560.0,0,0,0,1,0.0497869978003459,NORMAL
2026-08-19 12:22:57,22.2,89.4,72.8,13545796,81385485,45896,81382,879,428.45,6.0,157499.0,117618.0,331.0,406.0,26249.83333333333,19603.0,55.16666666666666,67.66666666666667,45852.83333333333,122.83333333333334,0,0,0,1,0.1357399376719774,NORMAL
2026-08-19 12:23:03,17.0,89.0,72.8,13575275,81441241,46006,81574,868,432.34,6.0,29479.0,55756.0,110.0,192.0,4913.166666666667,9292.666666666666,18.33333333333333,32.0,14205.833333333332,50.33333333333333,0,0,0,1,0.1848130358116285,NORMAL
2026-08-19 12:23:10,20.3,88.3,72.8,13582898,81466161,46041,81654,828,465.71,7.0,7623.0,24920.0,35.0,80.0,1089.0,3560.0,5.0,11.428571428571429,4649.0,16.42857142857143,0,0,0,1,0.19689963719543996,NORMAL
2026-08-19 12:23:16,16.7,87.9,72.8,13604658,81508378,46107,81796,795,430.39,6.0,21760.0,42217.0,66.0,142.0,3626.6666666666665,7036.166666666667,11.0,23.666666666666668,10662.833333333334,34.66666666666667,0,0,0,1,0.2012590681094779,NORMAL
2026-08-19 12:23:23,17.8,88.3,72.8,13697607,81586668,46328,82027,785,445.21,7.0,92949.0,78290.0,221.0,231.0,13278.42857142857,11184.285714285714,31.571428571428573,33.0,24462.714285714283,64.57142857142857,0,0,0,1,0.18290317996264527,NORMAL
2026-08-19 12:23:29,23.3,88.3,72.8,13714839,81619482,46468,82184,779,436.99,6.0,17232.0,32814.0,140.0,157.0,2872.0,5469.0,23.33333333333333,26.166666666666668,8341.0,49.5,0,0,0,1,0.19008386600397337,NORMAL
2026-08-19 12:23:36,13.5,87.4,72.8,13723786,81649528,46529,82269,777,442.66,7.0,8947.0,30046.0,61.0,85.0,1278.142857142857,4292.285714285715,8.714285714285714,12.142857142857142,5570.428571428572,20.85714285714285,0,0,0,1,0.2029938307042936,NORMAL
2026-08-19 12:23:42,18.9,87.4,72.8,13751463,81701154,46714,82483,754,457.2,6.0,27677.0,51626.0,185.0,214.0,4612.833333333333,8604.333333333334,30.83333333333333,35.666666666666664,13217.166666666668,66.5,0,0,0,1,0.1935556642073143,NORMAL
2026-08-19 12:23:49,17.4,87.5,72.8,13769181,81735077,46784,82608,747,479.03,7.0,17718.0,33923.0,70.0,125.0,2531.1428571428573,4846.142857142857,10.0,17.857142857142858,7377.285714285714,27.857142857142858,0,0,0,1,0.20746799557654,NORMAL
2026-08-19 12:23:55,14.9,87.2,72.8,13775302,81749227,46812,82650,731,455.37,6.0,6121.0,14150.0,28.0,42.0,1020.1666666666666,2358.333333333333,4.666666666666667,7.0,3378.5,11.666666666666668,0,0,0,1,0.2086032198029269,NORMAL
2026-08-19 12:24:02,12.8,87.1,72.8,13791238,81767888,46852,82701,725,471.33,7.0,15936.0,18661.0,40.0,51.0,2276.5714285714284,2665.8571428571427,5.714285714285714,7.285714285714286,4942.428571428571,13.0,0,0,0,1,0.2028290228346717,NORMAL
2026-08-19 12:24:08,14.7,87.0,72.8,13799287,81782078,46905,82758,728,456.09,6.0,8049.0,14190.0,53.0,57.0,1341.5,2365.0,8.833333333333334,9.5,3706.5,18.333333333333336,0,0,0,1,0.20756519082974412,NORMAL
2026-08-19 12:24:15,19.7,87.1,72.8,13807349,81818176,46965,82829,726,443.55,7.0,8062.0,36098.0,60.0,71.0,1151.7142857142858,5156.857142857143,8.571428571428571,10.142857142857142,6308.571428571429,18.714285714285715,0,0,0,1,0.21322732436792047,NORMAL
2026-08-19 12:24:21,16.5,87.1,72.8,13816444,81846864,47008,82892,724,442.18,6.0,9095.0,28688.0,43.0,63.0,1515.8333333333333,4781.333333333333,7.166666666666667,10.5,6297.166666666666,17.666666666666668,0,0,0,1,0.2168339981847225,NORMAL
2026-08-19 12:24:28,17.2,87.4,72.8,13828845,81880501,47062,82961,711,449.1,7.0,12401.0,33637.0,54.0,69.0,1771.571428571429,4805.285714285715,7.714285714285714,9.857142857142858,6576.857142857143,17.571428571428573,0,0,0,1,0.2173246366985377,NORMAL
2026-08-19 12:24:34,17.6,87.3,72.8,13842030,81915149,47108,83028,647,457.86,6.0,13185.0,34648.0,46.0,67.0,2197.5,5774.666666666667,7.666666666666667,11.166666666666666,7972.166666666667,18.83333333333333,0,0,0,1,0.2179416614385819,NORMAL
2026-08-19 12:24:41,15.9,87.3,72.8,13847995,81946999,47133,83069,342,446.77,7.0,5965.0,31850.0,25.0,41.0,852.1428571428571,4550.0,3.571428571428572,5.857142857142857,5402.142857142857,9.428571428571429,0,0,0,1,0.2457620412787066,NORMAL
2026-08-19 12:24:47,27.0,88.6,72.8,13919850,82069312,47390,83380,254,472.48,6.0,71855.0,122313.0,257.0,311.0,11975.833333333334,20385.5,42.833333333333336,51.833333333333336,32361.333333333336,94.66666666666669,0,0,0,1,0.2002072077698165,NORMAL
2026-08-19 12:24:54,29.3,91.4,72.8,14199274,83134442,48407,84888,300,438.03,7.0,279424.0,1065130.0,1017.0,1508.0,39917.71428571428,152161.42857142858,145.28571428571428,215.42857142857144,192079.14285714287,360.71428571428567,0,1,0,1,0.09509867114471476,NORMAL
2026-08-19 12:25:00,21.9,89.8,72.8,14223663,83165548,48470,84970,297,438.14,6.0,24389.0,31106.0,63.0,82.0,4064.8333333333335,5184.333333333333,10.5,13.666666666666666,9249.166666666666,24.166666666666664,0,0,0,1,0.23163642512534482,NORMAL
2026-08-19 12:25:07,39.8,97.8,72.8,14610045,86593483,49613,88370,345,447.32,7.0,386382.0,3427935.0,1143.0,3400.0,55197.42857142857,489705.0,163.28571428571428,485.7142857142857,544902.4285714285,649.0,0,1,0,-1,-0.0007416859582493052,ANOMALY
2026-08-19 12:25:13,32.2,90.8,72.8,14666407,86650663,49786,88557,351,487.0,6.0,56362.0,57180.0,173.0,187.0,9393.666666666666,9530.0,28.83333333333333,31.166666666666668,18923.666666666664,60.0,0,1,0,1,0.17577610274132577,NORMAL
2026-08-19 12:25:20,19.8,87.3,72.8,14699818,86681410,49878,88663,341,461.77,7.0,33411.0,30747.0,92.0,106.0,4773.0,4392.428571428572,13.142857142857142,15.142857142857142,9165.428571428572,28.285714285714285,0,0,0,1,0.24051467380791786,NORMAL
2026-08-19 12:25:26,18.5,87.4,72.8,14711084,86694050,49906,88695,325,487.27,6.0,11266.0,12640.0,28.0,32.0,1877.6666666666667,2106.6666666666665,4.666666666666667,5.333333333333333,3984.333333333333,10.0,0,0,0,1,0.24099628040846666,NORMAL
2026-08-19 12:25:33,16.4,87.4,72.8,14716862,86709927,49924,88722,321,446.73,7.0,5778.0,15877.0,18.0,27.0,825.4285714285714,2268.1428571428573,2.571428571428572,3.857142857142857,3093.571428571429,6.428571428571429,0,0,0,1,0.24550060992565997,NORMAL
2026-08-19 12:25:39,15.4,87.3,72.8,14724699,86742210,49964,88777,298,465.43,6.0,7837.0,32283.0,40.0,55.0,1306.1666666666667,5380.5,6.666666666666667,9.166666666666666,6686.666666666667,15.833333333333332,0,0,0,1,0.25123318975648795,NORMAL
2026-08-19 12:25:46,19.1,87.3,72.8,14731930,86779141,50009,88857,278,466.49,7.0,7231.0,36931.0,45.0,80.0,1033.0,5275.857142857143,6.428571428571429,11.428571428571429,6308.857142857143,17.857142857142858,0,0,0,1,0.25236327848213685,NORMAL
2026-08-19 12:25:52,20.2,87.5,72.8,14738336,86797199,50043,88901,272,462.81,6.0,6406.0,18058.0,34.0,44.0,1067.6666666666667,3009.6666666666665,5.666666666666667,7.333333333333333,4077.333333333333,13.0,0,0,0,1,0.2517800639090315,NORMAL
2026-08-19 12:25:59,34.7,87.3,72.8,14874450,86913411,50442,89306,305,463.4,7.0,136114.0,116212.0,399.0,405.0,19444.85714285714,16601.714285714286,57.0,57.85714285714285,36046.57142857143,114.85714285714286,0,0,0,1,0.17077967785557546,NORMAL
2026-08-19 12:26:05,20.0,87.7,72.8,14918279,86949355,50563,89444,305,471.02,6.0,43829.0,35944.0,121.0,138.0,7304.833333333333,5990.666666666667,20.166666666666668,23.0,13295.5,43.16666666666667,0,0,0,1,0.23646722410168514,NORMAL
2026-08-19 12:26:12,21.3,87.5,72.8,14923768,86974603,50582,89479,304,449.72,7.0,5489.0,25248.0,19.0,35.0,784.1428571428571,3606.857142857143,2.7142857142857144,5.0,4391.0,7.714285714285714,0,0,0,1,0.2501343086105418,NORMAL
2026-08-19 12:26:18,30.9,87.8,72.8,14943981,87006367,50667,89564,311,449.31,6.0,20213.0,31764.0,85.0,85.0,3368.833333333333,5294.0,14.166666666666666,14.166666666666666,8662.833333333334,28.33333333333333,0,0,0,1,0.220516819321793,NORMAL
2026-08-19 12:26:25,20.9,87.8,72.8,14953303,87038996,50701,89609,309,487.83,7.0,9322.0,32629.0,34.0,45.0,1331.7142857142858,4661.285714285715,4.857142857142857,6.428571428571429,5993.0,11.285714285714285,0,0,0,1,0.24704367558364115,NORMAL
2026-08-19 12:26:32,20.6,84.0,72.8,14960114,87060106,50742,89659,300,629.63,7.0,6811.0,21110.0,41.0,50.0,973.0,3015.714285714286,5.857142857142857,7.142857142857143,3988.714285714286,13.0,0,0,0,1,0.20829300991454197,NORMAL
2026-08-19 12:26:38,18.7,83.7,72.8,14966348,87071554,50774,89701,296,457.41,6.0,6234.0,11448.0,32.0,42.0,1039.0,1908.0,5.333333333333333,7.0,2947.0,12.333333333333332,0,0,0,1,0.2471025410223791,NORMAL
2026-08-19 12:26:45,23.5,83.8,72.8,14978641,87114614,50839,89808,296,453.12,7.0,12293.0,43060.0,65.0,107.0,1756.142857142857,6151.428571428572,9.285714285714286,15.285714285714286,7907.571428571428,24.571428571428573,0,0,0,1,0.23534845517445407,NORMAL
2026-08-19 12:26:51,29.7,83.7,72.8,14990659,87141597,50871,89857,220,446.5,6.0,12018.0,26983.0,32.0,49.0,2003.0,4497.166666666667,5.333333333333333,8.166666666666666,6500.166666666667,13.5,0,0,0,1,0.23622981291014272,NORMAL
2026-08-19 12:26:58,20.1,83.3,72.8,15001906,87176279,50906,89913,220,446.05,7.0,11247.0,34682.0,35.0,56.0,1606.7142857142858,4954.571428571428,5.0,8.0,6561.285714285714,13.0,0,0,0,1,0.2555348518318041,NORMAL
2026-08-19 12:27:04,22.3,82.9,72.8,15048325,87307751,51058,90088,210,454.21,6.0,46419.0,131472.0,152.0,175.0,7736.5,21912.0,25.33333333333333,29.166666666666668,29648.5,54.5,0,0,0,1,0.22192303690073167,NORMAL
2026-08-19 12:27:11,20.2,84.7,72.8,15116571,87431056,51316,90358,223,493.69,7.0,68246.0,123305.0,258.0,270.0,9749.42857142857,17615.0,36.85714285714285,38.57142857142857,27364.42857142857,75.42857142857142,0,0,0,1,0.21488008818202436,NORMAL
2026-08-19 12:27:17,23.0,84.0,72.8,15128140,87444085,51359,90406,222,529.85,6.0,11569.0,13029.0,43.0,48.0,1928.1666666666667,2171.5,7.166666666666667,8.0,4099.666666666667,15.166666666666668,0,0,0,1,0.23173580279650585,NORMAL
2026-08-19 12:27:24,27.7,84.0,72.8,15149027,87461738,51414,90474,220,454.27,7.0,20887.0,17653.0,55.0,68.0,2983.8571428571427,2521.8571428571427,7.857142857142857,9.714285714285714,5505.714285714285,17.57142857142857,0,0,0,1,0.24236433415494457,NORMAL
2026-08-19 12:27:30,27.9,84.6,72.8,15154957,87477906,51439,90516,220,470.36,6.0,5930.0,16168.0,25.0,42.0,988.3333333333334,2694.6666666666665,4.166666666666667,7.0,3683.0,11.166666666666668,0,0,0,1,0.24030131299733465,NORMAL
2026-08-19 12:27:37,19.8,85.4,72.8,15178804,87494084,51481,90568,220,437.3,7.0,23847.0,16178.0,42.0,52.0,3406.714285714286,2311.1428571428573,6.0,7.428571428571429,5717.857142857143,13.428571428571429,0,0,0,1,0.255501614352926,NORMAL
2026-08-19 12:27:43,18.9,84.6,72.8,15184293,87512265,51500,90611,206,468.77,6.0,5489.0,18181.0,19.0,43.0,914.8333333333334,3030.1666666666665,3.1666666666666665,7.166666666666667,3945.0,10.333333333333334,0,0,0,1,0.2610347095654367,NORMAL
2026-08-19 12:27:50,17.1,84.5,72.8,15190501,87536614,51531,90680,202,469.04,7.0,6208.0,24349.0,31.0,69.0,886.8571428571429,3478.428571428572,4.428571428571429,9.857142857142858,4365.285714285715,14.285714285714286,0,0,0,1,0.25882748978284226,NORMAL
2026-08-19 12:27:56,14.9,84.5,72.8,15196136,87556311,51551,90714,202,462.62,6.0,5635.0,19697.0,20.0,34.0,939.1666666666666,3282.833333333333,3.333333333333333,5.666666666666667,4222.0,9.0,0,0,0,1,0.2599298743358889,NORMAL
2026-08-19 12:28:03,19.3,84.6,72.8,15208260,87582944,51592,90770,170,476.88,7.0,12124.0,26633.0,41.0,56.0,1732.0,3804.714285714286,5.857142857142857,8.0,5536.714285714286,13.857142857142858,0,0,0,1,0.2609195982001626,NORMAL
2026-08-19 12:28:09,18.0,84.7,72.8,15213710,87603570,51611,90803,169,473.55,6.0,5450.0,20626.0,19.0,33.0,908.3333333333334,3437.6666666666665,3.1666666666666665,5.5,4346.0,8.666666666666666,0,0,0,1,0.263093099863395,NORMAL
2026-08-19 12:28:16,21.1,84.8,72.8,15239253,87632508,51703,90897,171,454.78,7.0,25543.0,28938.0,92.0,94.0,3649.0,4134.0,13.142857142857142,13.428571428571429,7783.0,26.57142857142857,0,0,0,1,0.2567569044844688,NORMAL
2026-08-19 12:28:22,15.2,84.6,72.8,15247583,87651037,51731,90936,171,445.76,6.0,8330.0,18529.0,28.0,39.0,1388.3333333333333,3088.1666666666665,4.666666666666667,6.5,4476.5,11.166666666666668,0,0,0,1,0.26168477099133913,NORMAL
2026-08-19 12:28:28,28.4,85.3,72.8,15262251,87673036,51798,91010,178,435.02,6.0,14668.0,21999.0,67.0,74.0,2444.6666666666665,3666.5,11.166666666666666,12.333333333333334,6111.166666666666,23.5,0,0,0,1,0.24129504675536023,NORMAL
2026-08-19 12:28:35,16.3,84.8,72.8,15268072,87698944,51822,91048,177,447.03,7.0,5821.0,25908.0,24.0,38.0,831.5714285714286,3701.142857142857,3.4285714285714284,5.428571428571429,4532.714285714286,8.857142857142858,0,0,0,1,0.26399168877856594,NORMAL
2026-08-19 12:28:41,16.6,85.1,72.8,15273879,87728169,51844,91082,171,455.99,6.0,5807.0,29225.0,22.0,34.0,967.8333333333334,4870.833333333333,3.6666666666666665,5.666666666666667,5838.666666666666,9.333333333333334,0,0,0,1,0.26237421342814654,NORMAL
2026-08-19 12:28:48,17.7,85.2,72.8,15279988,87768968,51875,91156,168,449.98,7.0,6109.0,40799.0,31.0,74.0,872.7142857142857,5828.428571428572,4.428571428571429,10.571428571428571,6701.142857142857,15.0,0,0,0,1,0.26067794276733736,NORMAL
2026-08-19 12:28:54,16.2,85.1,72.8,15285576,87801836,51896,91197,167,470.52,6.0,5588.0,32868.0,21.0,41.0,931.3333333333334,5478.0,3.5,6.833333333333333,6409.333333333333,10.333333333333332,0,0,0,1,0.26126466943826476,NORMAL
2026-08-19 12:29:01,20.2,85.3,72.8,15295187,87816738,51926,91233,156,453.56,7.0,9611.0,14902.0,30.0,36.0,1373.0,2128.8571428571427,4.285714285714286,5.142857142857143,3501.8571428571427,9.428571428571429,0,0,0,1,0.2611693258208315,NORMAL
2026-08-19 12:29:07,14.8,85.7,72.8,15300537,87828377,51943,91263,156,463.0,6.0,5350.0,11639.0,17.0,30.0,891.6666666666666,1939.8333333333333,2.833333333333333,5.0,2831.5,7.833333333333334,0,0,0,1,0.2623847876277872,NORMAL
2026-08-19 12:29:14,31.4,87.7,72.8,15346893,87925673,52054,91404,140,442.01,7.0,46356.0,97296.0,111.0,141.0,6622.285714285715,13899.42857142857,15.857142857142858,20.142857142857142,20521.714285714286,36.0,0,0,0,1,0.2170154024014771,NORMAL
2026-08-19 12:29:20,24.3,89.1,72.8,15356083,87955613,52101,91463,135,470.52,6.0,9190.0,29940.0,47.0,59.0,1531.6666666666667,4990.0,7.833333333333333,9.833333333333334,6521.666666666667,17.666666666666668,0,0,0,1,0.24273738699591907,NORMAL
2026-08-19 12:29:27,29.5,88.9,72.8,15361916,87967625,52125,91495,134,479.33,7.0,5833.0,12012.0,24.0,32.0,833.2857142857143,1716.0,3.4285714285714284,4.571428571428571,2549.285714285714,8.0,0,0,0,1,0.23056778987152288,NORMAL
2026-08-19 12:29:33,23.7,87.6,72.8,15373308,87993730,52199,91576,138,459.35,6.0,11392.0,26105.0,74.0,81.0,1898.6666666666667,4350.833333333333,12.333333333333334,13.5,6249.5,25.833333333333336,0,0,0,1,0.24370276586528333,NORMAL
2026-08-19 12:29:40,18.3,87.9,72.8,15380963,88012223,52230,91613,139,439.39,7.0,7655.0,18493.0,31.0,37.0,1093.571428571429,2641.8571428571427,4.428571428571429,5.285714285714286,3735.428571428572,9.714285714285715,0,0,0,1,0.2551677816534174,NORMAL
2026-08-19 12:29:46,16.3,84.8,72.8,15405969,88059954,52313,91707,138,480.87,6.0,25006.0,47731.0,83.0,94.0,4167.666666666667,7955.166666666667,13.833333333333334,15.666666666666666,12122.833333333334,29.5,0,0,0,1,0.24827016468529362,NORMAL
2026-08-19 12:29:53,34.1,86.7,72.8,15445256,88152540,52383,91808,140,468.37,7.0,39287.0,92586.0,70.0,101.0,5612.428571428572,13226.57142857143,10.0,14.428571428571429,18839.0,24.42857142857143,0,0,0,1,0.21747034528333775,NORMAL
2026-08-19 12:29:59,40.8,90.4,72.8,15450895,88164268,52403,91837,139,443.75,6.0,5639.0,11728.0,20.0,29.0,939.8333333333334,1954.6666666666667,3.333333333333333,4.833333333333333,2894.5,8.166666666666666,0,1,0,1,0.1921730584216585,NORMAL
2026-08-19 12:30:06,33.9,89.3,72.8,15523944,88278452,52675,92130,163,472.19,7.0,73049.0,114184.0,272.0,293.0,10435.57142857143,16312.0,38.85714285714285,41.85714285714285,26747.571428571428,80.71428571428571,0,0,0,1,0.18740747834803861,NORMAL
2026-08-19 12:30:12,18.6,87.4,72.8,15542304,88311525,52743,92208,169,470.76,6.0,18360.0,33073.0,68.0,78.0,3060.0,5512.166666666667,11.333333333333334,13.0,8572.166666666668,24.333333333333336,0,0,0,1,0.25663460358080625,NORMAL
2026-08-19 12:30:19,18.0,86.1,72.8,15548200,88323232,52769,92241,163,485.97,7.0,5896.0,11707.0,26.0,33.0,842.2857142857143,1672.428571428571,3.7142857142857135,4.714285714285714,2514.714285714286,8.428571428571429,0,0,0,1,0.2603588861594212,NORMAL
2026-08-19 12:30:25,18.4,86.2,72.8,15553847,88342967,52790,92273,160,472.56,6.0,5647.0,19735.0,21.0,32.0,941.1666666666666,3289.1666666666665,3.5,5.333333333333333,4230.333333333333,8.833333333333332,0,0,0,1,0.2636683003160804,NORMAL
2026-08-19 12:30:32,18.3,86.5,72.8,15559736,88358792,52814,92303,160,466.93,7.0,5889.0,15825.0,24.0,30.0,841.2857142857143,2260.714285714286,3.4285714285714284,4.285714285714286,3102.0,7.7142857142857135,0,0,0,1,0.26135080484933365,NORMAL
2026-08-19 12:30:38,23.3,84.4,72.8,15566907,88378171,52853,92350,152,465.05,6.0,7171.0,19379.0,39.0,47.0,1195.1666666666667,3229.833333333333,6.5,7.833333333333333,4425.0,14.333333333333332,0,0,0,1,0.2577276682018787,NORMAL
2026-08-19 12:30:45,15.9,83.4,72.8,15575303,88406480,52895,92431,150,459.13,7.0,8396.0,28309.0,42.0,81.0,1199.428571428571,4044.142857142857,6.0,11.571428571428571,5243.571428571428,17.57142857142857,0,0,0,1,0.2600283458180427,NORMAL
2026-08-19 12:30:51,24.3,83.3,72.8,15580960,88419654,52915,92456,150,463.86,6.0,5657.0,13174.0,20.0,25.0,942.8333333333334,2195.6666666666665,3.333333333333333,4.166666666666667,3138.5,7.5,0,0,0,1,0.2538716688740652,NORMAL
2026-08-19 12:30:58,19.1,83.2,72.8,15593239,88449435,52946,92499,156,450.57,7.0,12279.0,29781.0,31.0,43.0,1754.142857142857,4254.428571428572,4.428571428571429,6.142857142857143,6008.571428571428,10.571428571428571,0,0,0,1,0.25854335438968296,NORMAL
2026-08-19 12:31:04,19.9,84.4,72.8,15669945,88556945,53263,92831,192,482.85,6.0,76706.0,107510.0,317.0,332.0,12784.333333333334,17918.333333333332,52.833333333333336,55.333333333333336,30702.666666666664,108.16666666666669,0,0,0,1,0.21110003408943123,NORMAL
2026-08-19 12:31:11,19.2,83.5,72.8,15678341,88584917,53294,92868,193,473.68,7.0,8396.0,27972.0,31.0,37.0,1199.428571428571,3996.0,4.428571428571429,5.285714285714286,5195.428571428572,9.714285714285715,0,0,0,1,0.2581765598499518,NORMAL
2026-08-19 12:31:17,21.5,83.7,72.8,15683733,88598622,53312,92896,188,453.82,6.0,5392.0,13705.0,18.0,28.0,898.6666666666666,2284.1666666666665,3.0,4.666666666666667,3182.833333333333,7.666666666666667,0,0,0,1,0.2601784983567395,NORMAL
2026-08-19 12:31:24,18.1,83.6,72.8,15689270,88631726,53331,92942,187,449.03,7.0,5537.0,33104.0,19.0,46.0,791.0,4729.142857142857,2.7142857142857144,6.571428571428571,5520.142857142857,9.285714285714285,0,0,0,1,0.2576027971964268,NORMAL
2026-08-19 12:31:30,21.3,83.8,72.8,15694859,88648531,53351,92972,169,461.92,6.0,5589.0,16805.0,20.0,30.0,931.5,2800.833333333333,3.333333333333333,5.0,3732.3333333333335,8.333333333333334,0,0,0,1,0.2608990631251559,NORMAL
2026-08-19 12:31:37,23.8,83.5,72.8,15700555,88659600,53372,93000,169,452.74,7.0,5696.0,11069.0,21.0,28.0,813.7142857142857,1581.2857142857142,3.0,4.0,2395.0,7.0,0,0,0,1,0.25395274908952414,NORMAL
2026-08-19 12:31:43,24.8,83.5,72.8,15707693,88689021,53411,93068,172,459.66,6.0,7138.0,29421.0,39.0,68.0,1189.6666666666667,4903.5,6.5,11.333333333333334,6093.166666666667,17.833333333333336,0,0,0,1,0.251698431855971,NORMAL
2026-08-19 12:31:50,20.4,84.1,72.8,15726486,88707102,53459,93126,173,464.97,7.0,18793.0,18081.0,48.0,58.0,2684.714285714286,2583.0,6.857142857142857,8.285714285714286,5267.714285714286,15.142857142857142,0,0,0,1,0.2606094841950109,NORMAL
2026-08-19 12:31:56,20.7,83.1,72.8,15733021,88731245,53491,93167,173,455.12,6.0,6535.0,24143.0,32.0,41.0,1089.1666666666667,4023.8333333333335,5.333333333333333,6.833333333333333,5113.0,12.166666666666666,0,0,0,1,0.25942547492684886,NORMAL
2026-08-19 12:32:03,18.8,83.2,72.8,15749640,88836095,53568,93256,162,461.19,7.0,16619.0,104850.0,77.0,89.0,2374.1428571428573,14978.57142857143,11.0,12.714285714285714,17352.714285714286,23.714285714285715,0,0,0,1,0.24817119134208143,NORMAL
2026-08-19 12:32:09,15.9,83.4,72.8,15754919,88849702,53584,93281,153,449.82,6.0,5279.0,13607.0,16.0,25.0,879.8333333333334,2267.833333333333,2.6666666666666665,4.166666666666667,3147.666666666667,6.833333333333334,0,0,0,1,0.2611593799874777,NORMAL
2026-08-19 12:32:16,17.0,83.7,72.8,15760533,88869366,53603,93309,150,442.87,7.0,5614.0,19664.0,19.0,28.0,802.0,2809.1428571428573,2.7142857142857144,4.0,3611.142857142857,6.714285714285714,0,0,0,1,0.26191539616558274,NORMAL
2026-08-19 12:32:22,18.3,83.8,72.8,15766450,88890016,53626,93345,150,435.01,6.0,5917.0,20650.0,23.0,36.0,986.1666666666666,3441.6666666666665,3.8333333333333335,6.0,4427.833333333333,9.833333333333334,0,0,0,1,0.25957970673045455,NORMAL
2026-08-19 12:32:29,29.3,84.2,72.8,15771730,88906863,53642,93373,150,444.72,7.0,5280.0,16847.0,16.0,28.0,754.2857142857143,2406.714285714286,2.2857142857142856,4.0,3161.0,6.285714285714286,0,0,0,1,0.24080581051957173,NORMAL
2026-08-19 12:32:35,18.6,84.1,72.8,15777418,88921872,53666,93406,147,455.61,6.0,5688.0,15009.0,24.0,33.0,948.0,2501.5,4.0,5.5,3449.5,9.5,0,0,0,1,0.2612215640971537,NORMAL
2026-08-19 12:32:43,19.6,84.2,72.8,15783647,88947988,53692,93462,147,1289.49,8.0,6229.0,26116.0,26.0,56.0,778.625,3264.5,3.25,7.0,4043.125,10.25,0,0,1,1,0.11915270458218724,NORMAL
2026-08-19 12:32:49,18.4,83.6,72.8,15798322,88982589,53765,93541,154,469.65,6.0,14675.0,34601.0,73.0,79.0,2445.833333333333,5766.833333333333,12.166666666666666,13.166666666666666,8212.666666666666,25.33333333333333,0,0,0,1,0.25448352477697933,NORMAL
2026-08-19 12:32:56,17.5,83.8,72.8,15822936,89012629,53845,93639,157,457.82,7.0,24614.0,30040.0,80.0,98.0,3516.285714285714,4291.428571428572,11.428571428571429,14.0,7807.714285714286,25.42857142857143,0,0,0,1,0.25738331632267797,NORMAL
2026-08-19 12:33:02,22.3,83.4,72.8,15834757,89045516,53879,93691,131,429.56,6.0,11821.0,32887.0,34.0,52.0,1970.1666666666667,5481.166666666667,5.666666666666667,8.666666666666666,7451.333333333334,14.333333333333332,0,0,0,1,0.2505906661060705,NORMAL
2026-08-19 12:33:08,21.4,84.1,72.8,15857649,89087513,53955,93784,135,447.23,6.0,22892.0,41997.0,76.0,93.0,3815.3333333333335,6999.5,12.666666666666666,15.5,10814.833333333334,28.166666666666664,0,0,0,1,0.2483021018770758,NORMAL
2026-08-19 12:33:15,22.8,87.5,72.8,15863103,89103646,53974,93814,135,463.27,7.0,5454.0,16133.0,19.0,30.0,779.1428571428571,2304.714285714286,2.7142857142857144,4.285714285714286,3083.857142857143,7.0,0,0,0,1,0.25242544923325066,NORMAL
2026-08-19 12:33:21,16.0,86.9,72.8,15868819,89127820,53995,93849,133,480.47,6.0,5716.0,24174.0,21.0,35.0,952.6666666666666,4029.0,3.5,5.833333333333333,4981.666666666667,9.333333333333332,0,0,0,1,0.25974301731182614,NORMAL
2026-08-19 12:33:28,20.4,87.0,72.8,15876464,89149905,54030,93891,137,434.92,7.0,7645.0,22085.0,35.0,42.0,1092.142857142857,3155.0,5.0,6.0,4247.142857142857,11.0,0,0,0,1,0.25882938565581604,NORMAL
2026-08-19 12:33:34,16.6,87.1,72.8,15882274,89163853,54053,93924,134,441.77,6.0,5810.0,13948.0,23.0,33.0,968.3333333333334,2324.6666666666665,3.8333333333333335,5.5,3293.0,9.333333333333334,0,0,0,1,0.2590257484562123,NORMAL
2026-08-19 12:33:41,23.6,87.2,72.8,15887747,89181332,54071,93952,130,431.93,7.0,5473.0,17479.0,18.0,28.0,781.8571428571429,2497.0,2.571428571428572,4.0,3278.857142857143,6.571428571428571,0,0,0,1,0.24821566847939253,NORMAL
2026-08-19 12:33:47,17.8,87.2,72.8,15893253,89212939,54089,94007,130,484.2,6.0,5506.0,31607.0,18.0,55.0,917.6666666666666,5267.833333333333,3.0,9.166666666666666,6185.5,12.166666666666666,0,0,0,1,0.25482847851312546,NORMAL
2026-08-19 12:33:54,18.2,86.9,72.8,15900428,89235505,54128,94056,130,450.84,7.0,7175.0,22566.0,39.0,49.0,1025.0,3223.714285714286,5.571428571428571,7.0,4248.714285714286,12.571428571428571,0,0,0,1,0.25950287006782125,NORMAL
2026-08-19 12:34:00,25.4,87.2,72.8,15909213,89257862,54147,94108,130,441.64,6.0,8785.0,22357.0,19.0,52.0,1464.1666666666667,3726.1666666666665,3.1666666666666665,8.666666666666666,5190.333333333333,11.833333333333332,0,0,0,1,0.2461667893625275,NORMAL
2026-08-19 12:34:07,20.1,87.0,72.8,15914990,89283986,54169,94141,123,480.97,7.0,5777.0,26124.0,22.0,33.0,825.2857142857143,3732.0,3.142857142857143,4.714285714285714,4557.285714285715,7.857142857142858,0,0,0,1,0.25689294925839734,NORMAL
2026-08-19 12:34:13,20.7,87.0,72.8,15920509,89295140,54188,94167,122,476.26,6.0,5519.0,11154.0,19.0,26.0,919.8333333333334,1859.0,3.1666666666666665,4.333333333333333,2778.833333333333,7.5,0,0,0,1,0.25549825482505656,NORMAL
2026-08-19 12:34:20,16.1,86.9,72.8,15928553,89319543,54209,94201,123,586.21,7.0,8044.0,24403.0,21.0,34.0,1149.142857142857,3486.1428571428573,3.0,4.857142857142857,4635.285714285715,7.857142857142857,0,0,0,1,0.22594405792191097,NORMAL
2026-08-19 12:34:27,39.8,83.6,72.8,16041815,89478771,54675,94665,184,677.86,7.0,113262.0,159228.0,466.0,464.0,16180.285714285714,22746.85714285714,66.57142857142857,66.28571428571429,38927.142857142855,132.85714285714286,0,0,0,1,0.10343518262004736,NORMAL
2026-08-19 12:34:33,8.9,76.1,72.8,16114632,89834993,54944,95103,203,526.04,6.0,72817.0,356222.0,269.0,438.0,12136.166666666666,59370.333333333336,44.833333333333336,73.0,71506.5,117.83333333333334,0,0,0,1,0.1374545412426163,NORMAL
2026-08-19 12:34:40,10.8,75.6,72.8,16165462,89950166,55126,95327,224,457.57,7.0,50830.0,115173.0,182.0,224.0,7261.428571428572,16453.285714285714,26.0,32.0,23714.714285714286,58.0,0,0,0,1,0.17083564120642858,NORMAL
2026-08-19 12:34:46,7.7,76.2,72.8,16180483,89996071,55183,95427,226,462.74,6.0,15021.0,45905.0,57.0,100.0,2503.5,7650.833333333333,9.5,16.666666666666668,10154.333333333332,26.166666666666668,0,0,0,1,0.19536222683631244,NORMAL
2026-08-19 12:34:53,23.8,75.8,72.8,16186105,90009682,55204,95456,207,442.21,7.0,5622.0,13611.0,21.0,29.0,803.1428571428571,1944.4285714285716,3.0,4.142857142857143,2747.5714285714284,7.142857142857143,0,0,0,1,0.2051926356439981,NORMAL
2026-08-19 12:34:59,33.5,76.7,72.8,16197730,90034008,55250,95510,193,447.81,6.0,11625.0,24326.0,46.0,54.0,1937.5,4054.3333333333335,7.666666666666667,9.0,5991.833333333334,16.666666666666668,0,0,0,1,0.18520871317760212,NORMAL
2026-08-19 12:35:06,22.3,80.7,72.8,16365638,93575774,55889,98436,198,482.66,7.0,167908.0,3541766.0,639.0,2926.0,23986.85714285714,505966.5714285714,91.28571428571428,418.0,529953.4285714285,509.2857142857143,0,0,0,1,0.11768735355321347,NORMAL
2026-08-19 12:35:12,1.6,78.4,72.8,16371296,93587737,55910,98463,192,452.84,6.0,5658.0,11963.0,21.0,27.0,943.0,1993.8333333333333,3.5,4.5,2936.833333333333,8.0,0,0,0,1,0.21747965194837693,NORMAL
2026-08-19 12:35:19,23.1,79.5,72.8,16535451,98425646,56714,102419,213,450.69,7.0,164155.0,4837909.0,804.0,3956.0,23450.714285714286,691129.8571428572,114.85714285714286,565.1428571428571,714580.5714285715,680.0,0,0,0,1,0.10679270781961936,NORMAL
2026-08-19 12:35:25,20.5,78.6,72.8,16540812,98450920,56731,102448,213,474.89,6.0,5361.0,25274.0,17.0,29.0,893.5,4212.333333333333,2.833333333333333,4.833333333333333,5105.833333333333,7.666666666666666,0,0,0,1,0.23359838518855558,NORMAL
2026-08-19 12:35:32,14.9,78.3,72.8,16651387,99784308,57115,103622,220,684.59,7.0,110575.0,1333388.0,384.0,1174.0,15796.42857142857,190484.0,54.85714285714285,167.71428571428572,206280.42857142855,222.57142857142856,0,0,0,1,0.10708177324041679,NORMAL
2026-08-19 12:35:38,11.1,77.7,72.8,16694342,100292331,57289,104098,227,441.79,6.0,42955.0,508023.0,174.0,476.0,7159.166666666667,84670.5,29.0,79.33333333333333,91829.66666666669,108.33333333333331,0,0,0,1,0.1800105354790324,NORMAL
2026-08-19 12:35:45,14.0,77.3,72.8,16703397,100318383,57315,104156,225,464.32,7.0,9055.0,26052.0,26.0,58.0,1293.571428571429,3721.714285714286,3.7142857142857135,8.285714285714286,5015.285714285715,12.0,0,0,0,1,0.22094233402304364,NORMAL
2026-08-19 12:35:51,10.0,77.8,72.8,16772833,102495495,57628,105913,222,457.25,6.0,69436.0,2177112.0,313.0,1757.0,11572.666666666666,362852.0,52.16666666666666,292.8333333333333,374424.6666666667,345.0,0,0,0,1,0.1293803983659081,NORMAL
2026-08-19 12:35:58,12.7,79.5,72.8,16806761,102525322,57698,106001,225,424.11,7.0,33928.0,29827.0,70.0,88.0,4846.857142857143,4261.0,10.0,12.571428571428571,9107.857142857143,22.57142857142857,0,0,0,1,0.22386138800841326,NORMAL
2026-08-19 12:36:04,24.8,81.6,72.8,16839625,102572088,57798,106126,221,447.91,6.0,32864.0,46766.0,100.0,125.0,5477.333333333333,7794.333333333333,16.666666666666668,20.83333333333333,13271.666666666666,37.5,0,0,0,1,0.22878316875691468,NORMAL
2026-08-19 12:36:11,12.2,81.4,72.8,16866032,102604740,57845,106188,222,432.94,7.0,26407.0,32652.0,47.0,62.0,3772.428571428572,4664.571428571428,6.714285714285714,8.857142857142858,8437.0,15.571428571428571,0,0,0,1,0.24694479343478049,NORMAL
2026-08-19 12:36:17,16.3,80.8,72.8,16933961,103016281,58112,106653,238,426.87,6.0,67929.0,411541.0,267.0,465.0,11321.5,68590.16666666667,44.5,77.5,79911.66666666667,122.0,0,0,0,1,0.1848596640941398,NORMAL
2026-08-19 12:36:24,13.6,81.7,72.8,17112024,107698820,58888,110497,228,469.83,7.0,178063.0,4682539.0,776.0,3844.0,25437.571428571428,668934.1428571428,110.85714285714286,549.1428571428571,694371.7142857143,660.0,0,0,0,1,0.11239282327376604,NORMAL
2026-08-19 12:36:30,47.8,90.0,72.8,17356891,119257420,60465,119608,220,483.51,6.0,244867.0,11558600.0,1577.0,9111.0,40811.16666666666,1926433.3333333333,262.8333333333333,1518.5,1967244.5,1781.3333333333333,0,0,0,-1,-0.015607450140024182,ANOMALY
2026-08-19 12:36:37,15.3,90.0,72.8,17613726,145640817,63019,140086,205,491.79,7.0,256835.0,26383397.0,2554.0,20478.0,36690.71428571428,3769056.714285714,364.8571428571428,2925.428571428572,3805747.428571428,3290.285714285714,0,0,0,1,0.0005964479864445371,NORMAL
2026-08-19 12:36:43,21.9,90.7,72.8,17865636,171490037,65537,160157,202,466.16,6.0,251910.0,25849220.0,2518.0,20071.0,41985.0,4308203.333333333,419.6666666666667,3345.1666666666665,4350188.333333333,3764.833333333333,0,1,0,-1,-0.038328469969539314,ANOMALY
2026-08-19 12:36:50,19.8,90.7,72.8,18057138,183102034,66763,169227,195,448.86,7.0,191502.0,11611997.0,1226.0,9070.0,27357.42857142857,1658856.7142857143,175.14285714285714,1295.7142857142858,1686214.142857143,1470.857142857143,0,1,0,1,0.05487408352640322,NORMAL
2026-08-19 12:36:56,14.9,90.4,72.8,18286680,205545920,69028,186628,182,468.34,6.0,229542.0,22443886.0,2265.0,17401.0,38257.0,3740647.6666666665,377.5,2900.1666666666665,3778904.6666666665,3277.6666666666665,0,1,0,1,0.017598236137827294,NORMAL
2026-08-19 12:37:03,14.7,90.6,72.8,18552363,230912592,71659,206310,179,501.67,7.0,265683.0,25366672.0,2631.0,19682.0,37954.71428571428,3623810.285714286,375.8571428571428,2811.714285714286,3661765.0,3187.5714285714284,0,1,0,1,0.00929751616098351,NORMAL
2026-08-19 12:37:09,14.2,90.6,72.8,18813461,257108196,74292,226624,176,470.92,6.0,261098.0,26195604.0,2633.0,20314.0,43516.333333333336,4365934.0,438.8333333333333,3385.6666666666665,4409450.333333333,3824.5,0,1,0,-1,-0.04353283573442901,ANOMALY
2026-08-19 12:37:16,20.3,91.4,72.8,19076035,282724464,76874,246495,170,460.78,7.0,262574.0,25616268.0,2582.0,19871.0,37510.57142857143,3659466.857142857,368.8571428571428,2838.714285714286,3696977.4285714286,3207.5714285714284,0,1,0,-1,-0.0031532920612974413,ANOMALY
2026-08-19 12:37:22,24.1,92.4,72.8,19365571,308171535,79578,266301,174,516.57,6.0,289536.0,25447071.0,2704.0,19806.0,48256.0,4241178.5,450.6666666666667,3301.0,4289434.5,3751.6666666666665,0,1,0,-1,-0.06176004449956074,ANOMALY
2026-08-19 12:37:29,38.1,94.8,72.8,19692126,334105538,82436,286556,196,617.3,7.0,326555.0,25934003.0,2858.0,20255.0,46650.71428571428,3704857.5714285714,408.2857142857143,2893.5714285714284,3751508.285714285,3301.8571428571427,0,1,0,-1,-0.07167197158728711,ANOMALY
2026-08-19 12:37:35,17.1,83.2,72.8,19830567,341166722,83393,292150,200,445.87,6.0,138441.0,7061184.0,957.0,5594.0,23073.5,1176864.0,159.5,932.3333333333334,1199937.5,1091.8333333333337,0,0,0,1,0.071902298363278,NORMAL
2026-08-19 12:37:42,11.6,81.5,72.8,19856584,342748284,83571,293404,200,610.26,7.0,26017.0,1581562.0,178.0,1254.0,3716.714285714286,225937.42857142855,25.428571428571427,179.14285714285714,229654.14285714287,204.57142857142856,0,0,0,1,0.13342305533938015,NORMAL
2026-08-19 12:37:49,32.1,82.0,72.8,19878131,342782088,83633,293494,205,437.62,7.0,21547.0,33804.0,62.0,90.0,3078.1428571428573,4829.142857142857,8.857142857142858,12.857142857142858,7907.285714285714,21.714285714285715,0,0,0,1,0.2222944415976354,NORMAL
2026-08-19 12:37:55,9.5,80.2,72.8,19898383,342846677,83705,293599,207,458.51,6.0,20252.0,64589.0,72.0,105.0,3375.333333333333,10764.833333333334,12.0,17.5,14140.166666666668,29.5,0,0,0,1,0.228579963606738,NORMAL
2026-08-19 12:38:02,18.5,80.4,72.8,19918245,342867921,83743,293651,181,458.57,7.0,19862.0,21244.0,38.0,52.0,2837.428571428572,3034.8571428571427,5.428571428571429,7.428571428571429,5872.285714285714,12.857142857142858,0,0,0,1,0.24825485395898422,NORMAL
2026-08-19 12:38:08,19.2,80.7,72.8,19936432,342897824,83801,293721,179,452.99,6.0,18187.0,29903.0,58.0,70.0,3031.1666666666665,4983.833333333333,9.666666666666666,11.666666666666666,8015.0,21.33333333333333,0,0,0,1,0.25363524345251826,NORMAL
2026-08-19 12:38:15,21.0,80.8,72.8,19941712,342914623,83817,293747,169,461.16,7.0,5280.0,16799.0,16.0,26.0,754.2857142857143,2399.8571428571427,2.2857142857142856,3.7142857142857135,3154.142857142857,6.0,0,0,0,1,0.24819605330344152,NORMAL
2026-08-19 12:38:21,15.7,80.9,72.8,19951916,342945369,83849,293795,155,468.12,6.0,10204.0,30746.0,32.0,48.0,1700.6666666666667,5124.333333333333,5.333333333333333,8.0,6825.0,13.333333333333332,0,0,0,1,0.25232660740606727,NORMAL
2026-08-19 12:38:28,25.4,82.6,72.8,20203386,354408636,85428,302908,185,447.28,7.0,251470.0,11463267.0,1579.0,9113.0,35924.28571428572,1637609.5714285714,225.57142857142856,1301.857142857143,1673533.857142857,1527.4285714285716,0,0,0,1,0.03683338944240455,NORMAL
2026-08-19 12:38:34,17.5,81.4,72.8,20217090,354429195,85472,302963,181,443.82,6.0,13704.0,20559.0,44.0,55.0,2284.0,3426.5,7.333333333333333,9.166666666666666,5710.5,16.5,0,0,0,1,0.256546496717823,NORMAL
2026-08-19 12:38:40,16.9,81.7,72.8,20234076,354461420,85507,303016,183,440.27,6.0,16986.0,32225.0,35.0,53.0,2831.0,5370.833333333333,5.833333333333333,8.833333333333334,8201.833333333332,14.666666666666668,0,0,0,1,0.25702516514692736,NORMAL
2026-08-19 12:38:47,18.0,82.4,72.8,20336049,356801649,86000,304944,188,476.44,7.0,101973.0,2340229.0,493.0,1928.0,14567.57142857143,334318.4285714286,70.42857142857143,275.42857142857144,348886.0,345.8571428571429,0,0,0,1,0.1585479665308248,NORMAL
2026-08-19 12:38:53,13.7,81.9,72.8,20394046,359776022,86324,307276,182,457.36,6.0,57997.0,2974373.0,324.0,2332.0,9666.166666666666,495728.8333333333,54.0,388.6666666666667,505395.0,442.6666666666667,0,0,0,1,0.14491195393599376,NORMAL
2026-08-19 12:39:00,20.5,81.7,72.8,20423084,361069593,86492,308310,182,466.15,7.0,29038.0,1293571.0,168.0,1034.0,4148.285714285715,184795.85714285716,24.0,147.71428571428572,188944.14285714284,171.71428571428572,0,0,0,1,0.18771680893583764,NORMAL
2026-08-19 12:39:06,10.0,81.3,72.8,20433180,361099690,86515,308351,174,464.69,6.0,10096.0,30097.0,23.0,41.0,1682.6666666666667,5016.166666666667,3.8333333333333335,6.833333333333333,6698.833333333334,10.666666666666666,0,0,0,1,0.2481038001604675,NORMAL
2026-08-19 12:39:13,12.6,81.1,72.8,20441593,361119089,86556,308400,173,473.73,7.0,8413.0,19399.0,41.0,49.0,1201.857142857143,2771.285714285714,5.857142857142857,7.0,3973.142857142857,12.857142857142858,0,0,0,1,0.24918564658119052,NORMAL
2026-08-19 12:39:19,16.6,81.5,72.8,20447188,361136616,86575,308432,168,441.49,6.0,5595.0,17527.0,19.0,32.0,932.5,2921.1666666666665,3.1666666666666665,5.333333333333333,3853.6666666666665,8.5,0,0,0,1,0.25877250792712836,NORMAL
2026-08-19 12:39:26,13.6,81.5,72.8,20455983,361169054,86599,308476,163,464.18,7.0,8795.0,32438.0,24.0,44.0,1256.428571428571,4634.0,3.4285714285714284,6.285714285714286,5890.428571428572,9.714285714285714,0,0,0,1,0.25633028158926474,NORMAL
2026-08-19 12:39:32,15.2,84.7,72.8,20796934,384793975,89119,327023,175,494.02,6.0,340951.0,23624921.0,2520.0,18547.0,56825.16666666666,3937486.8333333335,420.0,3091.1666666666665,3994312.0,3511.1666666666665,0,0,0,-1,-0.05207322331497877,ANOMALY
2026-08-19 12:39:39,10.5,84.6,72.8,20954263,401659803,90645,340116,175,455.61,7.0,157329.0,16865828.0,1526.0,13093.0,22475.571428571428,2409404.0,218.0,1870.4285714285716,2431879.571428572,2088.428571428572,0,0,0,1,8.240955091654012e-05,NORMAL
2026-08-19 12:39:45,14.5,84.4,72.8,20968766,401703619,90695,340203,177,444.09,6.0,14503.0,43816.0,50.0,87.0,2417.1666666666665,7302.666666666667,8.333333333333334,14.5,9719.833333333334,22.833333333333336,0,0,0,1,0.2591151674864503,NORMAL
2026-08-19 12:39:52,12.7,83.7,72.8,20981187,401736590,90750,340271,182,440.14,7.0,12421.0,32971.0,55.0,68.0,1774.428571428571,4710.142857142857,7.857142857142857,9.714285714285714,6484.571428571428,17.57142857142857,0,0,0,1,0.25608130075395613,NORMAL
2026-08-19 12:39:58,18.1,82.2,72.8,21107390,406221032,91473,343832,185,457.57,6.0,126203.0,4484442.0,723.0,3561.0,21033.83333333333,747407.0,120.5,593.5,768440.8333333334,714.0,0,0,0,1,0.11360514160416108,NORMAL
2026-08-19 12:40:05,15.4,81.7,72.8,21117688,406238599,91497,343866,174,453.98,7.0,10298.0,17567.0,24.0,34.0,1471.142857142857,2509.5714285714284,3.4285714285714284,4.857142857142857,3980.714285714285,8.285714285714285,0,0,0,1,0.2565244375435428,NORMAL
2026-08-19 12:40:12,14.2,82.2,72.8,21135681,406273925,91549,343928,171,1264.8,7.0,17993.0,35326.0,52.0,62.0,2570.428571428572,5046.571428571428,7.428571428571429,8.857142857142858,7617.0,16.285714285714285,0,0,1,1,0.1176692917614437,NORMAL
2026-08-19 12:40:19,13.5,80.8,72.8,21169012,406314554,91643,344030,173,470.74,7.0,33331.0,40629.0,94.0,102.0,4761.571428571428,5804.142857142857,13.428571428571429,14.571428571428571,10565.714285714286,28.0,0,0,0,1,0.2431680644196813,NORMAL
2026-08-19 12:40:25,10.4,80.2,72.8,21200591,406343219,91713,344119,156,438.0,6.0,31579.0,28665.0,70.0,89.0,5263.166666666667,4777.5,11.666666666666666,14.833333333333334,10040.666666666668,26.5,0,0,0,1,0.23252243088292657,NORMAL
2026-08-19 12:40:32,5.9,77.8,72.8,21215259,406380333,91772,344188,148,455.71,7.0,14668.0,37114.0,59.0,69.0,2095.428571428572,5302.0,8.428571428571429,9.857142857142858,7397.428571428572,18.285714285714285,0,0,0,1,0.2216151472831822,NORMAL
2026-08-19 12:40:38,7.1,77.3,72.8,21221038,406413800,91794,344227,147,437.8,6.0,5779.0,33467.0,22.0,39.0,963.1666666666666,5577.833333333333,3.6666666666666665,6.5,6541.0,10.166666666666666,0,0,0,1,0.21772266779030203,NORMAL
2026-08-19 12:40:45,15.3,77.5,72.8,21243980,406455407,91833,344319,146,435.22,7.0,22942.0,41607.0,39.0,92.0,3277.428571428572,5943.857142857143,5.571428571428571,13.142857142857142,9221.285714285714,18.714285714285715,0,0,0,1,0.2248799869246349,NORMAL
2026-08-19 12:40:51,2.9,77.4,72.8,21260716,406481669,91891,344386,151,450.08,6.0,16736.0,26262.0,58.0,67.0,2789.333333333333,4377.0,9.666666666666666,11.166666666666666,7166.333333333334,20.83333333333333,0,0,0,1,0.21296351600052937,NORMAL
2026-08-19 12:40:58,2.7,77.3,72.8,21266291,406504408,91910,344416,149,467.33,7.0,5575.0,22739.0,19.0,30.0,796.4285714285714,3248.428571428572,2.7142857142857144,4.285714285714286,4044.857142857143,7.0,0,0,0,1,0.21437350005494593,NORMAL
2026-08-19 12:41:04,3.2,77.1,72.8,21275402,406521913,91933,344451,149,452.19,6.0,9111.0,17505.0,23.0,35.0,1518.5,2917.5,3.8333333333333335,5.833333333333333,4436.0,9.666666666666666,0,0,0,1,0.21415235979503638,NORMAL
2026-08-19 12:41:11,11.3,77.4,72.8,21282665,406556030,91960,344493,147,486.04,7.0,7263.0,34117.0,27.0,42.0,1037.571428571429,4873.857142857143,3.857142857142857,6.0,5911.428571428572,9.857142857142858,0,0,0,1,0.22245915433758107,NORMAL
2026-08-19 12:41:17,48.7,83.5,72.8,21353984,406783519,92154,344701,157,433.93,6.0,71319.0,227489.0,194.0,208.0,11886.5,37914.833333333336,32.333333333333336,34.666666666666664,49801.333333333336,67.0,0,0,0,1,0.139507517955547,NORMAL
2026-08-19 12:41:23,4.6,82.7,72.8,21398293,406808570,92195,344763,154,447.37,6.0,44309.0,25051.0,41.0,62.0,7384.833333333333,4175.166666666667,6.833333333333333,10.333333333333334,11560.0,17.166666666666668,0,0,0,1,0.23059676197712342,NORMAL
2026-08-19 12:41:30,2.1,82.2,72.8,21409646,406832291,92228,344803,144,458.69,7.0,11353.0,23721.0,33.0,40.0,1621.857142857143,3388.714285714286,4.714285714285714,5.714285714285714,5010.571428571428,10.428571428571429,0,0,0,1,0.23984194973831152,NORMAL
2026-08-19 12:41:36,1.7,81.8,72.8,21415000,406859852,92245,344831,141,442.06,6.0,5354.0,27561.0,17.0,28.0,892.3333333333334,4593.5,2.833333333333333,4.666666666666667,5485.833333333333,7.5,0,0,0,1,0.24496666228937386,NORMAL
2026-08-19 12:41:43,2.0,81.9,72.8,21420698,406881524,92265,344865,134,429.62,7.0,5698.0,21672.0,20.0,34.0,814.0,3096.0,2.857142857142857,4.857142857142857,3910.0,7.7142857142857135,0,0,0,1,0.2417117661728324,NORMAL
2026-08-19 12:41:49,1.5,81.9,72.8,21434882,406901490,92291,344921,131,443.97,6.0,14184.0,19966.0,26.0,56.0,2364.0,3327.6666666666665,4.333333333333333,9.333333333333334,5691.666666666666,13.666666666666668,0,0,0,1,0.2356307168995117,NORMAL
2026-08-19 12:41:56,3.1,82.0,72.8,21440328,406926902,92310,344953,131,448.95,7.0,5446.0,25412.0,19.0,32.0,778.0,3630.285714285714,2.7142857142857144,4.571428571428571,4408.285714285714,7.285714285714286,0,0,0,1,0.24570535296188345,NORMAL
2026-08-19 12:42:02,2.0,81.5,72.8,21449498,406943941,92333,344985,128,438.92,6.0,9170.0,17039.0,23.0,32.0,1528.3333333333333,2839.833333333333,3.8333333333333335,5.333333333333333,4368.166666666667,9.166666666666666,0,0,0,1,0.2402715311401954,NORMAL
2026-08-19 12:42:09,2.9,81.5,72.8,21462759,407049319,92408,345082,132,461.38,7.0,13261.0,105378.0,75.0,97.0,1894.4285714285716,15054.0,10.714285714285714,13.857142857142858,16948.428571428572,24.57142857142857,0,0,0,1,0.21861264561885868,NORMAL
2026-08-19 12:42:15,1.6,81.5,72.8,21468204,407066454,92426,345108,125,454.66,6.0,5445.0,17135.0,18.0,26.0,907.5,2855.833333333333,3.0,4.333333333333333,3763.3333333333335,7.333333333333333,0,0,0,1,0.2425500350604184,NORMAL
2026-08-19 12:42:22,2.8,81.3,72.8,21475332,407102867,92464,345181,127,439.42,7.0,7128.0,36413.0,38.0,73.0,1018.2857142857144,5201.857142857143,5.428571428571429,10.428571428571429,6220.142857142858,15.857142857142858,0,0,0,1,0.23912052970561515,NORMAL
2026-08-19 12:42:28,1.3,81.7,72.8,21485852,407139492,92507,345235,130,439.34,6.0,10520.0,36625.0,43.0,54.0,1753.3333333333333,6104.166666666667,7.166666666666667,9.0,7857.5,16.166666666666668,0,0,0,1,0.232781620977413,NORMAL
2026-08-19 12:42:34,3.1,81.8,72.8,21491407,407171275,92527,345272,130,450.13,6.0,5555.0,31783.0,20.0,37.0,925.8333333333334,5297.166666666667,3.333333333333333,6.166666666666667,6223.0,9.5,0,0,0,1,0.24344007922050542,NORMAL
2026-08-19 12:42:41,1.6,81.6,72.8,21496885,407192375,92545,345304,126,435.86,7.0,5478.0,21100.0,18.0,32.0,782.5714285714286,3014.285714285714,2.571428571428572,4.571428571428571,3796.857142857143,7.142857142857142,0,0,0,1,0.2416492112905001,NORMAL
2026-08-19 12:42:47,2.7,81.7,72.8,21502618,407225963,92567,345367,126,449.98,6.0,5733.0,33588.0,22.0,63.0,955.5,5598.0,3.6666666666666665,10.5,6553.5,14.166666666666666,0,0,0,1,0.24034246099935985,NORMAL
2026-08-19 12:42:54,1.0,81.5,72.8,21508133,407251319,92586,345401,123,429.49,7.0,5515.0,25356.0,19.0,34.0,787.8571428571429,3622.285714285714,2.7142857142857144,4.857142857142857,4410.142857142857,7.571428571428571,0,0,0,1,0.23709589611546528,NORMAL
2026-08-19 12:43:00,4.6,81.7,72.8,21514210,407267689,92616,345437,117,441.16,6.0,6077.0,16370.0,30.0,36.0,1012.8333333333334,2728.333333333333,5.0,6.0,3741.166666666667,11.0,0,0,0,1,0.24454901168690374,NORMAL
2026-08-19 12:43:07,1.5,81.4,72.8,21522776,407291424,92633,345470,117,441.13,7.0,8566.0,23735.0,17.0,33.0,1223.7142857142858,3390.714285714286,2.4285714285714284,4.714285714285714,4614.428571428572,7.142857142857142,0,0,0,1,0.23935374584277336,NORMAL
2026-08-19 12:43:13,2.1,81.4,72.8,21528281,407315165,92651,345501,117,432.43,6.0,5505.0,23741.0,18.0,31.0,917.5,3956.8333333333335,3.0,5.166666666666667,4874.333333333334,8.166666666666668,0,0,0,1,0.24102661901258693,NORMAL
2026-08-19 12:43:20,2.4,81.6,72.8,21533851,407340604,92671,345533,113,440.46,7.0,5570.0,25439.0,20.0,32.0,795.7142857142857,3634.142857142857,2.857142857142857,4.571428571428571,4429.857142857143,7.428571428571429,0,0,0,1,0.2418127205001801,NORMAL
2026-08-19 12:43:26,1.4,81.6,72.8,21541090,407365809,92711,345585,116,461.8,6.0,7239.0,25205.0,40.0,52.0,1206.5,4200.833333333333,6.666666666666667,8.666666666666666,5407.333333333333,15.333333333333332,0,0,0,1,0.23873313644497146,NORMAL
2026-08-19 12:43:32,3.1,81.3,72.8,21548543,407390120,92744,345626,120,445.34,6.0,7453.0,24311.0,33.0,41.0,1242.1666666666667,4051.8333333333335,5.5,6.833333333333333,5294.0,12.333333333333332,0,0,0,1,0.23939020896110713,NORMAL
2026-08-19 12:43:39,0.0,81.3,72.8,21553971,407403749,92762,345650,115,454.88,7.0,5428.0,13629.0,18.0,24.0,775.4285714285714,1947.0,2.571428571428572,3.4285714285714284,2722.428571428572,6.0,0,0,0,1,0.22719471011907222,NORMAL
2026-08-19 12:43:45,2.9,81.2,72.8,21559576,407425196,92782,345704,115,457.02,6.0,5605.0,21447.0,20.0,54.0,934.1666666666666,3574.5,3.333333333333333,9.0,4508.666666666667,12.333333333333334,0,0,0,1,0.23963175217852672,NORMAL
2026-08-19 12:43:52,0.0,81.3,72.8,21565193,407441071,92800,345728,115,450.3,7.0,5617.0,15875.0,18.0,24.0,802.4285714285714,2267.8571428571427,2.571428571428572,3.4285714285714284,3070.285714285714,6.0,0,0,0,1,0.22953298710214132,NORMAL
2026-08-19 12:43:58,3.3,81.4,72.8,21571364,407457880,92825,345761,115,437.81,6.0,6171.0,16809.0,25.0,33.0,1028.5,2801.5,4.166666666666667,5.5,3830.0,9.666666666666668,0,0,0,1,0.24147312961101963,NORMAL
2026-08-19 12:44:05,0.8,81.4,72.8,21582812,407482531,92854,345802,113,452.74,7.0,11448.0,24651.0,29.0,41.0,1635.428571428571,3521.5714285714284,4.142857142857143,5.857142857142857,5157.0,10.0,0,0,0,1,0.23612691523285978,NORMAL
2026-08-19 12:44:11,1.9,81.4,72.8,21588092,407499310,92870,345830,113,446.49,6.0,5280.0,16779.0,16.0,28.0,880.0,2796.5,2.6666666666666665,4.666666666666667,3676.5,7.333333333333334,0,0,0,1,0.24287229974738028,NORMAL
2026-08-19 12:44:18,1.2,81.3,72.8,21593597,407516525,92888,345857,113,441.89,7.0,5505.0,17215.0,18.0,27.0,786.4285714285714,2459.285714285714,2.571428571428572,3.857142857142857,3245.714285714286,6.428571428571429,0,0,0,1,0.23437119163526116,NORMAL
2026-08-19 12:44:24,2.5,81.6,72.8,21599218,407534240,92909,345889,110,443.22,6.0,5621.0,17715.0,21.0,32.0,936.8333333333334,2952.5,3.5,5.333333333333333,3889.3333333333335,8.833333333333332,0,0,0,1,0.24335451355784765,NORMAL
2026-08-19 12:44:31,1.2,81.8,72.8,21606319,407552497,92947,345932,113,441.3,7.0,7101.0,18257.0,38.0,43.0,1014.4285714285714,2608.1428571428573,5.428571428571429,6.142857142857143,3622.571428571429,11.571428571428571,0,0,0,1,0.23569887230846576,NORMAL
2026-08-19 12:44:37,3.4,81.6,72.8,21611599,407569852,92963,345961,112,420.48,6.0,5280.0,17355.0,16.0,29.0,880.0,2892.5,2.6666666666666665,4.833333333333333,3772.5,7.5,0,0,0,1,0.23599079955921026,NORMAL
2026-08-19 12:44:43,2.1,81.7,72.8,21644230,407609678,93018,346050,117,439.19,6.0,32631.0,39826.0,55.0,89.0,5438.5,6637.666666666667,9.166666666666666,14.833333333333334,12076.166666666668,24.0,0,0,0,1,0.22153512525033475,NORMAL
2026-08-19 12:44:50,0.0,81.9,72.8,21652562,407644304,93052,346104,121,456.51,7.0,8332.0,34626.0,34.0,54.0,1190.2857142857142,4946.571428571428,4.857142857142857,7.714285714285714,6136.857142857143,12.571428571428571,0,0,0,1,0.22848770098271493,NORMAL
2026-08-19 12:44:56,3.5,81.9,72.8,21665006,407680409,93084,346151,121,440.06,6.0,12444.0,36105.0,32.0,47.0,2074.0,6017.5,5.333333333333333,7.833333333333333,8091.5,13.166666666666666,0,0,0,1,0.2362565484024382,NORMAL
2026-08-19 12:45:03,0.3,81.8,72.8,21674171,407698059,93107,346182,119,461.4,7.0,9165.0,17650.0,23.0,31.0,1309.2857142857142,2521.428571428572,3.2857142857142856,4.428571428571429,3830.714285714286,7.714285714285714,0,0,0,1,0.2290672497481181,NORMAL
2026-08-19 12:45:09,2.1,81.8,72.8,21679451,407721011,93123,346212,117,452.64,6.0,5280.0,22952.0,16.0,30.0,880.0,3825.3333333333335,2.6666666666666665,5.0,4705.333333333334,7.666666666666666,0,0,0,1,0.24425183295485825,NORMAL
