timestamp,cpu_usage,ram_usage,disk_usage,bytes_sent_per_second,bytes_received_per_second,packets_sent_per_second,packets_received_per_second,active_connections,response_time_ms,anomaly_score,status
2026-08-19 13:03:25,4.4,89.6,72.8,13371.921549492428,9371.605234272725,14.815986352665565,19.754648470220754,145,505.2,0.18336343539831168,NORMAL
2026-08-19 13:03:31,11.6,89.6,72.8,5416.032754647188,5597.63783281954,8.829081755235867,12.025818252821267,143,420.94,0.22546411309994036,NORMAL
2026-08-19 13:03:38,4.0,87.5,72.8,4110.411852971435,6115.936244522149,9.595810485888581,12.536462086402825,138,449.2,0.22985690785698115,NORMAL
2026-08-19 13:03:44,15.9,88.1,72.8,4493.836043682326,6845.575787801548,6.324783831347203,12.032515581587361,142,433.5,0.24939205542022524,NORMAL
2026-08-19 13:03:51,1.9,88.7,72.8,4385.204109030176,7472.428624590932,7.886223405639797,11.288123698268729,140,430.93,0.21925232510658127,NORMAL
2026-08-19 13:03:57,13.4,87.7,72.8,4572.663617387586,4841.407340065106,6.185125953452706,9.277688930179059,137,437.91,0.25099009477842144,NORMAL
2026-08-19 13:04:04,10.5,87.3,72.8,5071.628697150555,5351.02492142455,7.726665494302927,10.199198452479864,133,458.09,0.24251902801087855,NORMAL
2026-08-19 13:04:10,2.1,87.3,72.8,2959.4934677306155,6229.628146977467,10.791506107263794,12.33314983687291,140,422.46,0.22440179783851644,NORMAL
2026-08-19 13:04:17,2.1,87.0,72.8,834.274923127868,3647.7438667865085,2.6352050711954207,4.960386016367851,138,431.81,0.23974346721423995,NORMAL
2026-08-19 13:04:23,10.4,88.1,72.8,3507.414552620252,4363.568517457001,4.642917379808832,7.273903895033837,136,1094.13,0.13475803191379104,NORMAL
2026-08-19 13:04:30,14.2,91.5,72.8,7761.378383286656,7226.0189681525235,13.612021826477283,15.99763389915887,139,433.45,0.2166378696401367,NORMAL
2026-08-19 13:04:37,31.0,91.5,72.8,14879.861989928419,868455.1269630318,105.8058988841008,689.2057238260697,148,482.9,0.06790127782718036,NORMAL
2026-08-19 13:04:43,20.5,98.1,72.8,41472.67398796132,3876430.893120365,373.7492299658068,3023.8734869054715,160,498.32,-0.04937163325729699,ANOMALY
2026-08-19 13:04:50,27.2,96.3,72.8,35883.79122850538,3990693.9246629197,358.52946700253887,3097.126566955918,155,462.64,-0.0598178819404831,ANOMALY
2026-08-19 13:08:25,6.1,87.1,72.8,6685.0042161711635,616.2707349326184,6.92439028014178,3.956794445795303,166,502.47,0.2142315569721892,NORMAL
2026-08-19 13:08:32,12.5,86.1,72.8,5360.4913552795415,6572.115532322183,18.912562682941534,19.06508334973945,167,456.57,0.24019637542959238,NORMAL
2026-08-19 13:08:38,3.3,85.9,72.8,896.1314017353022,3915.6677895786656,3.694752386470925,6.465816676324119,164,461.69,0.2411447049939573,NORMAL
2026-08-19 13:08:45,5.4,86.7,72.8,5818.1085741962615,7183.6646416107105,12.611284776211829,20.147296410777432,171,434.36,0.22580588385105527,NORMAL
2026-08-19 13:08:51,31.8,98.2,72.8,8676.75811818209,77360.46089976256,40.16373997627416,76.15663003193524,184,549.97,0.09961824277112336,NORMAL
2026-08-19 13:08:58,47.8,96.1,72.8,37441.442483620565,3775060.801145293,372.0664474183354,2932.2415660380184,188,499.85,-0.056174925720518076,ANOMALY
2026-08-19 13:09:04,15.1,83.2,74.4,37355.36469458645,3636585.2585037085,364.02213536618814,2820.7894939500843,181,474.61,-0.010217516314190878,ANOMALY
2026-08-19 13:09:11,22.9,85.6,74.4,40269.79681111355,3965967.8715060917,386.8271518569033,3075.114615297534,184,465.52,-0.03422057744612894,ANOMALY
2026-08-19 13:09:17,9.4,87.5,74.4,24829.462613524087,1996665.058581805,220.44706512316426,1556.178202753145,175,463.69,0.022804004080213214,NORMAL
2026-08-19 13:09:24,4.9,87.1,74.4,1895.774193498722,2798.4579153179434,4.7663422545385545,5.996366062161408,171,445.39,0.23932307985347778,NORMAL
2026-08-19 13:09:30,4.0,81.5,74.4,22124.361015429342,17822.020411033885,10.493890064166257,21.450745866457495,165,447.22,0.1867127678119983,NORMAL
2026-08-19 13:09:37,21.1,80.2,74.4,8954.74786452553,11148.533904160518,10.174973901328828,19.116617632799617,161,440.16,0.22514759274662122,NORMAL
2026-08-19 13:09:43,10.2,81.3,74.4,20130.730698149826,9532.373580362053,13.284246372788264,24.869344953708264,161,460.92,0.20730357549758593,NORMAL
2026-08-19 13:09:50,6.8,80.9,74.4,10495.957709729273,7186.590727828775,10.008321491812794,11.856011613378234,160,420.62,0.21278354752400735,NORMAL
2026-08-19 13:10:48,11.1,84.8,72.6,519.0672952963798,668.3609364197195,4.943498050441712,6.920897270618397,147,669.67,0.18721011107752694,NORMAL
2026-08-19 13:10:55,5.6,81.6,72.6,7682.687399810666,6050.610839880974,9.92729273856463,14.22418064033141,138,449.57,0.20702977233878556,NORMAL
2026-08-19 13:11:01,13.0,84.5,72.6,7209.542945513007,7607.844035935736,16.203647615027737,17.746852149792282,157,452.01,0.22446044262599435,NORMAL
2026-08-19 13:11:08,0.1,84.6,72.6,3898.6837098602564,4436.263315579191,5.696003840664541,9.236762984861418,156,432.64,0.21378486095727106,NORMAL
2026-08-19 13:11:14,2.5,83.5,72.6,3518.43615012297,5891.892309401705,9.586598167770783,13.142916842911557,160,443.57,0.22375216393390807,NORMAL
2026-08-19 13:11:21,15.6,83.7,72.6,5078.518974312105,6835.146346847292,10.78536234343155,15.09950728080417,167,442.45,0.2394378982389463,NORMAL
2026-08-19 13:11:27,5.4,84.5,72.6,14075.304573299136,17867.154733337444,27.16733678675931,33.650451247235964,179,446.76,0.18354920771624944,NORMAL
2026-08-19 13:11:34,3.5,85.0,72.6,5274.367275882868,6549.180736589886,12.331931905267403,13.256826798162457,184,428.72,0.21107111715899357,NORMAL
2026-08-19 13:11:40,12.6,86.3,72.6,6617.959044634912,4751.2639967313235,7.888097393577183,10.362794615091595,184,449.86,0.23176156334570808,NORMAL
2026-08-19 13:11:47,17.8,85.9,72.6,10408.091441911209,7151.549414078975,11.982747342716962,19.049495775601326,182,437.58,0.22799310781080806,NORMAL
2026-08-19 13:11:53,18.3,85.7,72.6,7724.976273654075,6410.59575671603,12.966290478308368,15.281699492292006,180,436.14,0.23224151522255354,NORMAL
2026-08-19 13:12:00,9.6,85.8,72.6,3351.3827663918755,2823.3300561935243,5.711181022314821,6.482962241546554,171,445.87,0.23432112290479074,NORMAL
2026-08-19 13:12:06,12.0,85.2,72.6,7226.207545136443,21139.136975723537,26.38033966436096,26.843152640928697,177,475.49,0.20475356714248083,NORMAL
2026-08-19 13:12:13,16.4,84.9,72.6,6580.3443264217985,4462.143326148568,9.03577897593237,9.801522956943588,179,459.45,0.24116888303448836,NORMAL
2026-08-19 13:12:19,2.9,84.3,72.6,5212.599830754539,5336.533620240915,12.762412564974241,14.146288626236506,177,604.88,0.1714529884190083,NORMAL
2026-08-19 13:12:26,19.0,84.2,72.6,20855.7583489093,12232.016512831713,19.88113108200293,26.65878940541302,184,436.86,0.20704396517903478,NORMAL
2026-08-19 13:12:32,15.3,85.1,72.6,13947.308790625382,20555.057993333434,14.66399211028931,21.91880925959034,179,446.53,0.21474073715981035,NORMAL
2026-08-19 13:12:39,12.7,84.8,72.6,23237.01113007064,10352.069896687906,14.633751565165037,25.10843689602001,187,447.07,0.1999479018617455,NORMAL
2026-08-19 13:12:45,51.3,87.3,72.6,11197.37337277036,7468.1027290350585,7.248189573052652,17.889148733491652,194,423.19,0.13945971319465728,NORMAL
2026-08-19 13:12:52,17.3,86.3,72.6,15399.707953157607,7317.564335815864,15.137125169603266,21.161083145261706,192,420.14,0.2139687450788484,NORMAL
2026-08-19 13:12:58,8.2,86.6,72.6,13010.685201231192,7558.308653131573,8.352576839641971,14.38499344605006,184,429.4,0.209427661794014,NORMAL
2026-08-19 13:13:05,20.0,85.8,72.6,7853.476531462153,6727.796099309278,12.833993938006667,13.607126102946829,185,1393.3,0.0936446773465815,NORMAL
2026-08-19 13:13:12,10.8,85.7,72.6,8282.911877264856,8884.292770799826,13.050099926821478,16.00991640506965,191,441.19,0.218446911083921,NORMAL
2026-08-19 13:13:19,28.1,87.4,72.6,4699.405173642956,4874.571836108794,11.420557729050206,12.500880757473873,189,445.18,0.22520987704643608,NORMAL
2026-08-19 13:13:25,4.8,88.6,72.6,2521.6120262179584,4412.512704963572,5.395966062462005,8.016863864229265,183,422.74,0.21068179070284898,NORMAL
2026-08-19 13:13:32,26.5,86.6,72.6,6224.501646462772,5915.672386725186,12.3655359254289,16.075196703057568,187,460.29,0.22346968268319783,NORMAL
2026-08-19 13:13:38,2.6,85.9,72.6,6434.284567581174,5463.713893189308,8.623188603196022,11.394927797080458,187,461.37,0.20998054366125773,NORMAL
2026-08-19 13:13:45,6.5,85.7,72.6,4106.520734590703,5330.69222736525,5.076996262606518,12.615566470719227,187,435.31,0.2199999428582055,NORMAL
2026-08-19 13:13:51,29.7,87.2,72.6,26496.995198501118,19074.920049095574,14.984104928348025,27.805555537140663,186,428.47,0.1804251057520726,NORMAL
2026-08-19 13:13:57,30.2,88.1,72.6,10080.121573386947,9519.977692988918,11.724300443472925,16.969382220816076,190,435.91,0.20514811391788174,NORMAL
2026-08-19 13:14:04,18.2,88.8,72.6,3894.673306108069,7322.319406344507,9.575293242077098,12.355217086551095,183,421.58,0.22973797186209077,NORMAL
2026-08-19 13:14:10,10.3,93.6,72.6,14489.13010843782,9314.263814819315,22.298116229721558,26.169316964048214,193,453.2,0.162161053118428,NORMAL
2026-08-19 13:14:17,16.2,94.2,72.6,2918.138048419448,4464.603241731952,9.09413399834922,11.714477692788826,195,436.01,0.19228237183783814,NORMAL
2026-08-19 13:14:23,9.0,90.9,72.6,12005.782533514981,6074.6801371264255,14.033914508212863,18.197823208451844,194,429.91,0.18790947081926013,NORMAL
2026-08-19 13:14:30,22.1,89.9,72.6,6335.261872790637,5771.326405214153,10.365891996604784,13.150758503155323,197,857.86,0.1543536811408493,NORMAL
2026-08-19 13:14:37,17.6,87.6,72.6,2887.914330045769,3019.93492887736,6.963723894413589,8.704654868016988,193,449.68,0.2429509040933634,NORMAL
2026-08-19 13:14:43,16.3,88.1,72.6,4706.34832585995,7464.62121315592,8.465208905824358,15.083463141287039,194,455.04,0.2352459338072483,NORMAL
2026-08-19 13:14:50,16.4,88.2,72.6,8398.933268657185,5655.546840395619,11.86812489331651,14.79662324361539,201,449.94,0.2253794101421993,NORMAL
2026-08-19 13:14:56,23.9,87.3,72.6,4200.321162766045,4764.189777891408,7.692614121764852,9.231136946117822,201,441.82,0.23543356002712607,NORMAL
2026-08-19 13:15:03,24.5,87.8,72.6,7291.219078609558,4145.345473484907,5.249813614127718,8.955564400570813,201,455.01,0.22674079781601564,NORMAL
2026-08-19 13:15:09,26.0,88.6,72.6,2180.432155216906,4710.047674087155,4.928922645305241,8.779643461949961,196,435.02,0.22343999806372267,NORMAL
2026-08-19 13:15:16,5.9,88.0,72.6,6269.689082607211,7015.764808167413,12.802209059643735,15.578591747277317,191,441.38,0.20668548427983063,NORMAL
2026-08-19 13:15:22,27.7,81.7,72.6,3880.5414891136897,3622.3206124403428,12.764939108926612,11.842172426353603,199,438.95,0.2168650833768917,NORMAL
2026-08-19 13:15:29,14.8,80.4,72.6,2559.3179127458534,5542.408958039054,5.868578366180451,8.9573038220649,192,424.24,0.23048242120433016,NORMAL
2026-08-19 13:15:35,9.8,80.5,72.6,4492.362607411211,6524.382315466996,10.061802469995131,13.776929535839487,196,436.65,0.22146908947214655,NORMAL
2026-08-19 13:15:42,3.3,81.5,72.6,2541.036108475088,3030.249258985515,5.5592403467094,6.949050433386749,190,434.73,0.22043730463282774,NORMAL
2026-08-19 13:15:48,18.5,81.5,72.6,5088.847385079587,7134.579478031461,9.266489927307292,14.826383883691667,196,437.39,0.23474623177417803,NORMAL
2026-08-19 13:15:55,17.7,81.5,72.6,3037.4573599258024,3599.646372099951,5.095368690400137,8.337876038836587,196,443.5,0.24056053337121935,NORMAL
2026-08-19 13:16:01,7.4,81.5,72.6,6384.009557584291,4802.163854034946,10.183556031433552,12.652296887538656,199,437.86,0.21211699664713718,NORMAL
2026-08-19 13:16:07,18.3,82.1,72.6,3741.8469560231038,5022.456757153172,5.563165541291474,8.962877816525152,192,443.44,0.2425412257911123,NORMAL
2026-08-19 13:16:14,8.5,81.4,72.6,2523.768708772872,5665.600075903701,5.398600709390693,11.414184356997465,185,456.27,0.23255730702860267,NORMAL
2026-08-19 13:16:20,33.4,79.7,72.6,3572.0582542681686,6565.6249753066595,10.310969067940515,12.465499917957937,190,432.23,0.1892014853323284,NORMAL
2026-08-19 13:16:27,8.8,80.7,72.6,4167.787677899514,4569.225085328659,9.723397411778603,10.340755977605815,194,437.73,0.2239568959516336,NORMAL
2026-08-19 13:16:33,14.1,80.3,72.6,4276.504082868553,5978.20470296498,6.799384969509878,10.353608930844587,189,431.87,0.23020322567100748,NORMAL
2026-08-19 13:16:40,5.8,77.3,72.6,2181.085540866489,4037.913891771392,4.945772201511312,6.491326014483597,189,439.91,0.2041565669975357,NORMAL
2026-08-19 13:16:46,24.7,77.8,72.6,5070.7330045727795,7527.479304618524,11.264523579130667,17.28255672414568,192,447.68,0.20109163407906505,NORMAL
2026-08-19 13:16:53,7.5,77.6,72.6,2544.0187060007866,5215.477490305694,5.5542891270561165,8.485719499669067,192,460.02,0.20970660663935092,NORMAL
2026-08-19 13:16:59,17.3,81.2,72.6,3474.7915184036087,7266.997795152358,11.53955738045832,11.847278910603874,192,433.71,0.23352955731990133,NORMAL
2026-08-19 13:17:06,15.5,80.4,72.6,7275.462406494763,18693.017744733414,22.739203830389943,24.90484229042708,199,452.11,0.20459907252892873,NORMAL
2026-08-19 13:17:12,17.4,80.4,72.6,3293.587597433402,5797.133226505008,9.397925130668796,11.246697287521673,200,443.93,0.23201396166680938,NORMAL
2026-08-19 13:17:19,24.8,82.2,72.6,9014.82584907837,7332.967996817666,12.782181278054987,16.632235879878777,198,432.83,0.210892320688721,NORMAL
2026-08-19 13:17:25,36.5,86.5,72.6,45078.82934311819,20018.652628626427,56.566456634785844,51.311649187838526,224,447.72,0.10571140455613165,NORMAL
2026-08-19 13:17:32,12.0,85.9,72.6,9127.87032796029,4688.516719051844,9.239670339062952,11.85757693513079,222,454.99,0.22108701802888558,NORMAL
2026-08-19 13:17:38,3.0,85.9,72.6,3744.5446822909876,5494.30888875573,6.930064186843284,8.932082729709121,225,434.54,0.2120035766509507,NORMAL
2026-08-19 13:17:45,29.2,87.1,72.6,6852.407007573347,7232.650654272467,8.484138161643648,15.271448690958566,223,417.36,0.2099219255242139,NORMAL
2026-08-19 13:17:51,2.5,87.2,72.6,3749.306724764787,5214.877191074315,8.52256033485135,11.31176189898452,219,424.79,0.20686336253036725,NORMAL
2026-08-19 13:17:58,4.8,86.8,72.6,3516.7399668350245,5916.669014235681,6.96169710133627,9.591671561841084,210,433.78,0.21607367676263844,NORMAL
2026-08-19 13:18:04,15.2,85.9,72.6,24915.22178801571,16947.675810193432,17.317054773167513,29.06791336924547,211,429.03,0.19732777276641644,NORMAL
2026-08-19 13:18:11,31.0,86.4,72.6,5750.691782816986,4478.75261840664,10.50806259019603,12.516956908909977,213,465.06,0.2164426158950702,NORMAL
2026-08-19 13:18:17,20.9,87.1,72.6,16229.75896229263,6872.194135988822,11.350125344563617,16.71842787239776,213,432.07,0.21882768204436392,NORMAL
2026-08-19 13:18:24,8.1,87.1,72.6,6313.060171144732,5795.715281829041,8.035225282083614,11.280220107540458,209,460.57,0.21666117020731918,NORMAL
2026-08-19 13:18:30,17.7,86.7,72.6,3830.3669609987837,6586.550404324557,9.696741884711217,13.082905717467517,209,430.59,0.2387013055938984,NORMAL
2026-08-19 13:18:37,25.7,88.4,72.6,7500.085572223471,5723.195995383543,11.444845390038703,14.2287267011292,212,428.65,0.21496569284437694,NORMAL
2026-08-19 13:18:43,44.8,87.4,72.6,4621.641047371552,6929.370585873158,8.809307774885584,17.00041851293709,211,459.09,0.16602868626689649,NORMAL
2026-08-19 13:18:50,16.0,88.3,72.6,2517.0940217105276,4279.797176789761,4.761986737033221,7.219786343243916,208,453.55,0.23741398183666274,NORMAL
2026-08-19 13:18:56,24.2,88.4,72.6,9088.805954868625,5179.645412293124,6.3085720792566935,11.386203264999885,202,447.11,0.22341473276251117,NORMAL
2026-08-19 13:19:03,17.1,92.1,72.6,4128.9236187171255,7154.1381786773045,10.794974725860863,13.10818359568819,206,445.51,0.20695464588494922,NORMAL
2026-08-19 13:19:09,41.9,93.2,72.6,9903.379376344665,8578.382309732946,20.01273598925567,22.16795371117551,208,436.05,0.14547230681507578,NORMAL
2026-08-19 13:19:15,16.2,93.4,72.6,14498.257336318551,10299.177891472727,15.881657651346522,22.82024594562413,211,494.14,0.17624361527366933,NORMAL
2026-08-19 13:19:22,17.1,93.9,72.6,5076.90589197675,5907.714015805355,5.505078678047078,10.09264424308631,196,440.44,0.19170618375919657,NORMAL
2026-08-19 13:19:29,24.9,92.2,72.6,2094.8402183997596,5559.585142727164,7.241651240422822,9.090583472020139,189,497.73,0.19566358739869488,NORMAL
2026-08-19 13:19:35,15.5,93.0,72.6,8278.013712318598,6743.12116352288,9.028779698798337,13.466654466004298,195,471.61,0.19919835042449918,NORMAL
2026-08-19 13:19:42,28.2,93.6,72.6,7760.746973958086,10455.077637900726,22.414374754166694,19.036866229566233,200,457.96,0.17547924226563627,NORMAL
2026-08-19 13:19:48,5.1,92.9,72.6,3974.7890079515573,23684.709749330646,19.946827679355433,30.8408643350034,207,440.27,0.15891062788309201,NORMAL
2026-08-19 13:19:55,3.1,88.0,72.6,8553.067981878738,5772.850396527215,6.170376930259161,10.952419051210011,203,442.58,0.1993585633901916,NORMAL
2026-08-19 13:20:01,19.3,87.8,72.6,23932.082951260887,197088.94077216365,44.61973957895061,172.92079006375323,206,432.08,0.17071781835920857,NORMAL
2026-08-19 13:20:08,23.9,87.9,72.6,3940.6032273573724,5858.78698648735,6.9387676174315915,7.8639366330891365,205,456.88,0.2356367763599464,NORMAL
2026-08-19 13:20:14,8.8,90.2,72.6,2374.3093174951578,4598.5487274471425,6.779338739116608,10.014932228240443,204,439.36,0.21082549858710287,NORMAL
2026-08-19 13:20:20,18.7,94.2,72.6,666872.1363207197,1332918.6953476842,528.3139047531573,779.7376122737221,238,425.6,-0.09280845253678971,ANOMALY
2026-08-19 13:20:27,10.9,84.8,72.6,7957.8845155970375,10634.44401242137,6.778830245799269,11.55482428261239,238,468.69,0.21363781661732617,NORMAL
2026-08-19 13:20:34,27.0,90.3,72.6,9079.221121749686,8813.276842802527,24.69263489647791,27.60667255506847,251,440.18,0.19299288190000868,NORMAL
2026-08-19 13:20:40,12.0,85.6,72.6,9874.366181979687,31019.62440637652,27.40399108784783,31.56077625285846,261,444.4,0.19395291324861674,NORMAL
2026-08-19 13:20:46,19.5,86.5,72.6,2735.7405625359775,10224.53780930685,10.31599604288105,17.706560372109266,253,451.2,0.23342376327214537,NORMAL
2026-08-19 13:20:53,10.3,86.8,72.6,3116.2911023133947,4937.514182310913,12.160985827047925,13.700351121610954,256,447.23,0.21872004021293806,NORMAL
2026-08-19 13:37:33,7.8,87.5,71.8,0.0,0.0,0.0,0.0,121,576.68,0.07985865024845695,NORMAL
2026-08-19 13:37:39,6.2,86.6,71.8,1963.675172651914,5022.588718994185,3.4296096112836225,5.815424993046142,121,522.38,0.11127272304473534,NORMAL
2026-08-19 13:37:46,17.9,87.1,71.8,6967.366383318858,4761.528221243874,11.656683719701723,14.533008273913838,127,474.55,0.13373599642623113,NORMAL
2026-08-19 13:37:52,32.3,90.0,71.8,12151.68105468988,17000.097482709836,39.07928562023299,39.687523528719105,163,553.3,0.06626207576141618,NORMAL
2026-08-19 13:37:59,8.5,90.4,72.9,1043.814948566738,5042.291194636918,2.0921129964115,3.586479422419715,163,515.3,0.2057518935716513,NORMAL
2026-08-19 13:38:06,11.5,90.3,72.9,3232.2277579499064,7013.670840172651,9.331693643440941,11.739872648199892,168,465.28,0.23259909732702816,NORMAL
2026-08-19 13:38:12,13.0,90.2,72.9,5227.875927828199,4965.76162046458,9.859623830228722,11.376489034879295,171,490.41,0.22766231896566363,NORMAL
2026-08-19 13:38:19,10.8,89.9,72.9,1251.7012545769846,3927.4973694643545,3.1673365882777054,4.373941002859688,171,514.55,0.21771194354604706,NORMAL
2026-08-19 13:38:26,18.6,89.6,72.9,3889.8230663613526,7238.369682685951,13.381556681464202,15.18581151492005,168,424.42,0.23541883557997406,NORMAL
2026-08-19 13:38:32,7.6,89.9,72.9,4324.505862317624,4896.931910470649,5.78977637205615,7.618126805337039,168,510.24,0.20735236704796556,NORMAL
2026-08-19 13:38:39,3.4,89.1,72.9,4886.759945572076,5727.036514589246,5.607906394955859,8.639207148986053,164,568.99,0.19198118422385851,NORMAL
2026-08-19 13:38:45,22.4,90.2,72.9,10956.298544300174,5439.48987432396,10.809618032936577,13.962423292543079,166,420.36,0.22482079918705106,NORMAL
2026-08-19 13:38:52,14.0,90.0,72.9,16062.180656142467,7846.559476744893,17.668657658981026,20.56266193071068,165,425.99,0.21512664995019048,NORMAL
2026-08-19 13:38:59,13.2,89.4,72.9,2171.510794972485,3336.994559430348,5.34065616077837,5.798426688845088,166,558.05,0.2166156049778823,NORMAL
2026-08-19 13:39:05,6.6,89.1,72.9,9440.441176444381,6824.77372966295,6.876647571123382,12.706848772727987,157,454.93,0.21548666842179676,NORMAL
2026-08-19 13:39:12,0.1,89.0,72.9,1298.0308769139178,5552.8574772172415,3.3627742925231034,6.878401961979075,156,532.88,0.19113801427747185,NORMAL
2026-08-19 13:39:18,1.2,87.7,72.9,277.59988412039706,4001.976749057757,1.966647680416982,6.3537848136548645,156,571.0,0.19245510901448365,NORMAL
2026-08-19 13:39:25,3.9,87.7,72.9,2824.536947247692,5433.786306432012,8.297699610010847,12.823717579107672,157,603.17,0.19690424979665733,NORMAL
2026-08-19 13:39:32,0.3,88.2,72.9,355.10813914990956,4995.057857662305,2.849262940814308,4.198913807515822,157,604.16,0.17634910569222534,NORMAL
2026-08-19 13:39:38,0.3,88.2,72.9,1927.3349980020266,5244.074486957393,3.590192483083564,6.731610905781682,157,573.14,0.18572377568110215,NORMAL
2026-08-19 13:39:45,16.8,90.1,72.9,8028.332473698141,16518.557034190682,25.016015141230085,29.084885073839796,169,462.08,0.21543978969123295,NORMAL
2026-08-19 13:39:52,24.1,90.1,72.9,28812.208809181448,128408.11815171808,131.29229880122193,166.35417281634594,210,434.13,0.13911457710154362,NORMAL
2026-08-19 13:39:58,13.1,91.8,72.9,25205.88985859849,160251.57852101955,93.17500140698833,185.89400770105502,243,430.25,0.13521700369708006,NORMAL
2026-08-19 13:40:05,10.0,92.1,72.9,5219.158264716197,163489.7637460621,41.52934233779829,134.7802099314626,238,458.36,0.14918762739562352,NORMAL
2026-08-19 13:40:11,5.5,91.4,72.9,7197.062929598447,48905.55370128593,46.01624958152204,51.02792032802444,243,430.41,0.15895932062952683,NORMAL
2026-08-19 13:40:18,34.5,95.3,73.0,27094.598898673954,136509.66190772408,106.23900384955351,160.27173503378202,268,451.64,0.08245985950344636,NORMAL
2026-08-19 13:40:25,44.7,92.5,72.9,14860.597539120183,99803.25087683155,46.852071132121914,103.10488145580227,252,434.06,0.12418484210295799,NORMAL
2026-08-19 13:40:31,32.9,86.8,73.0,15225.149965208322,111538.39107969725,48.905629076406974,127.90702989214131,250,479.93,0.16463402402322808,NORMAL
2026-08-19 13:40:38,17.0,86.9,73.0,15939.307147998581,82298.35823113222,49.10520072433364,103.03054385105587,256,538.72,0.1763510193748613,NORMAL
2026-08-19 13:40:45,14.8,87.2,73.0,5338.089148960672,17748.40597470528,17.50144119342035,29.617823558095978,246,454.98,0.22754416857753978,NORMAL
2026-08-19 13:40:51,15.2,86.3,73.0,26127.02479352817,409452.3511647753,93.25152366387762,369.98824599324905,230,449.52,0.146684477636089,NORMAL
2026-08-19 13:40:58,17.0,85.8,73.0,4860.05768628909,10617.849468337345,13.963066240041107,20.6410544417999,235,430.37,0.24176385079552604,NORMAL
2026-08-19 13:41:04,27.1,85.8,73.0,4512.375027638374,18936.277782337078,19.3174552858516,28.291706166680296,234,446.4,0.22079625991947066,NORMAL
2026-08-19 13:41:11,11.1,86.1,73.0,6609.076459078852,36983.3378148932,20.80761748578198,47.53857133612963,237,551.64,0.18429013243789583,NORMAL
2026-08-19 13:41:18,3.4,85.9,73.0,2623.1268653603374,9471.93063205736,10.879396691739368,15.350381633550068,240,459.11,0.22223115823994322,NORMAL
2026-08-19 13:41:24,6.3,86.0,73.0,17598.350529241405,106462.30033270236,61.06592327542244,123.34407331561754,266,559.87,0.1308570700065304,NORMAL
2026-08-19 13:41:31,11.0,86.2,73.0,1103.4588013634789,4987.18059184191,3.2796667968112043,7.602863938062336,266,616.37,0.20029046997987332,NORMAL
2026-08-19 13:41:38,7.0,85.9,73.0,1869.0020841918708,8921.474488788916,6.213241058735047,11.24300763009199,262,498.17,0.22065099985337622,NORMAL
2026-08-19 13:41:44,18.8,86.9,73.0,7062.846639895814,18497.2286952627,26.211135847414404,33.29115530045163,265,434.47,0.22804404141656076,NORMAL
2026-08-19 13:41:51,29.4,87.6,73.0,9075.495516156465,13159.597525994552,27.77887633526742,29.448644858152345,230,454.72,0.21039404737373008,NORMAL
2026-08-19 13:41:58,35.4,88.0,73.0,32751.87837917179,236958.98082181843,105.019626492287,254.13840350298022,237,438.22,0.10693411586290041,NORMAL
2026-08-19 13:42:04,7.3,89.6,73.0,11353.45463888615,86116.38705168068,37.75185894293376,91.2715625849242,241,436.03,0.16605915865680232,NORMAL
2026-08-19 13:42:11,10.1,88.5,73.0,4149.2384906050665,20077.230488013985,17.504124226690486,22.37483705498697,240,538.7,0.18748114902201396,NORMAL
2026-08-19 13:42:17,13.7,89.6,73.0,16475.22670660724,107930.03775973136,62.96017322478486,132.2014088615435,230,879.31,0.1046843461386816,NORMAL
2026-08-19 13:42:24,13.1,90.2,73.0,6081.505169490549,24147.432183927234,19.27621840377362,38.410699907519486,229,430.89,0.2095967214834465,NORMAL
2026-08-19 13:42:31,38.0,93.7,73.0,34361.153303204774,331694.0176716423,96.92506098744062,309.6725218969801,244,443.3,0.07992597366277188,NORMAL
2026-08-19 13:42:38,27.2,93.1,73.0,23343.942378443382,106905.51760561619,61.112582533744735,110.82356384850725,255,446.43,0.14709003267248677,NORMAL
2026-08-19 13:42:44,12.8,93.9,73.0,19527.408444395925,81038.3604594015,32.87823351543758,82.94967171325996,248,464.84,0.14866034997257832,NORMAL
2026-08-19 13:42:51,15.4,94.6,73.0,103102.23232410882,410168.0922753605,132.09844573178026,365.4622903654973,247,475.25,0.020180405649519173,NORMAL
2026-08-19 13:42:57,20.8,92.3,73.0,53718.93327218769,199851.86572523412,75.99027908181115,199.1156815702328,240,433.92,0.0966265150293601,NORMAL
2026-08-19 13:43:04,2.0,88.0,73.0,11886.800511939075,10996.566698840581,18.89575365015634,23.46730695261352,230,472.97,0.1968565714082135,NORMAL
2026-08-19 13:43:11,16.3,85.3,73.0,2364.9994050740415,4749.129697055369,7.833119048652876,8.586303572561807,224,466.03,0.25857415683704776,NORMAL
2026-08-19 13:43:17,28.4,86.3,73.0,17671.295117548932,30904.898675508877,36.86493056447342,48.8007072636267,234,442.23,0.1938399640646271,NORMAL
2026-08-19 13:43:24,32.0,86.4,73.0,20222.348905420495,62705.659241366695,54.744182383848894,76.48978816409999,237,558.29,0.14845083516499968,NORMAL
2026-08-19 13:43:31,13.1,86.3,73.0,9256.9062869023,21360.703448268996,18.93851244340151,30.719161916068593,237,465.37,0.22112786890221775,NORMAL
2026-08-19 13:43:37,21.8,89.3,73.0,38325.6452351696,429518.0262386413,134.26326233980572,366.57204469524834,244,462.19,0.12027728062848148,NORMAL
2026-08-19 13:43:44,20.3,88.3,73.0,6901.225367213517,65831.13498912058,20.578991622983647,66.73040665982198,233,504.31,0.2043512418782117,NORMAL
2026-08-19 13:43:50,18.2,89.0,73.0,8278.284466535972,128411.68756820844,27.39517997388891,117.36514262037653,223,470.22,0.19878815013577533,NORMAL
2026-08-19 13:43:57,17.2,89.7,73.0,1444.5053372878722,26210.733608630002,7.249713110604127,25.676067266722946,201,524.75,0.2087451718889693,NORMAL
2026-08-19 13:44:04,16.6,89.3,73.0,1116.7318006641624,13269.454429043619,5.409357484379688,13.373133780827564,192,518.87,0.22523450229687936,NORMAL
2026-08-19 13:44:10,14.2,89.7,73.0,6242.099806087689,78644.4171057828,21.18665621920861,75.12998659293834,186,528.61,0.18677895168188247,NORMAL
2026-08-19 13:44:17,17.1,89.2,73.0,889.5447676804711,5134.479377662999,3.597148175961467,5.245841089943806,178,511.97,0.23625075208685276,NORMAL
2026-08-19 13:44:24,11.4,88.9,73.0,940.9095853644492,3148.8667405611905,3.6004193317517186,4.9505765811586135,177,505.87,0.2306774501324163,NORMAL
2026-08-19 13:44:30,21.7,88.9,73.0,2407.8267144156293,5196.573844242063,10.091604520570948,11.296572224519718,173,467.87,0.24631428193689958,NORMAL
2026-08-19 13:44:37,16.8,89.7,73.0,5478.060972757816,40297.120663245376,17.42096708885429,41.810321013250295,165,573.61,0.18753864571023143,NORMAL
2026-08-19 13:44:44,17.7,90.0,73.0,6994.805261229793,141417.16164544428,30.665259609979728,126.38255052850869,166,508.76,0.17268351189569148,NORMAL
2026-08-19 13:44:50,10.8,91.1,73.0,62828.194106623414,179345.1144086928,85.24386720925497,185.39788080316762,172,517.96,0.07821963395396958,NORMAL
2026-08-19 13:44:57,18.2,90.2,73.0,3508.6906723433726,7778.298594091349,7.660240765818151,10.514055953083737,172,530.89,0.22368314748172513,NORMAL
2026-08-19 13:45:04,10.9,90.1,73.0,14827.512594327301,24742.444981960834,32.0721243549976,42.71287589333792,180,514.4,0.17288596771400894,NORMAL
2026-08-19 13:45:10,14.9,90.8,73.0,21675.036905467114,117326.38587249196,55.57047094259742,119.25122683357392,186,493.03,0.17052608459362018,NORMAL
2026-08-19 13:45:17,16.7,92.0,73.0,10029.167528529752,141628.1090177512,43.42346460935306,131.32217324766287,191,494.65,0.1640618455033368,NORMAL
2026-08-19 13:45:24,22.9,90.8,73.0,7941.538409701301,71633.85164047245,21.394392983828208,69.75777430642577,185,526.72,0.1862721875868953,NORMAL
2026-08-19 13:45:30,24.8,86.2,73.0,11155.377746902293,117785.52122758084,29.995637931977125,110.38394758967583,183,432.61,0.19456922952129302,NORMAL
2026-08-19 13:45:37,15.7,86.2,73.0,7525.8170643052745,16660.728674109214,17.164890365462945,26.73469649842016,186,580.25,0.20420926904527248,NORMAL
2026-08-19 13:45:44,14.6,85.9,73.0,4474.3735880659415,11844.087162149688,9.197677877394264,16.17011110703185,175,496.84,0.24525729475899272,NORMAL
2026-08-19 13:45:50,15.0,86.2,73.0,6611.775855799796,16314.303645650842,12.211643659243512,21.70958872754402,175,518.53,0.2241732200500709,NORMAL
2026-08-19 13:45:57,20.1,86.1,73.0,4038.1241064493825,12960.741507297153,8.409629972523817,15.467712270892019,174,455.09,0.2543672300594622,NORMAL
2026-08-19 13:46:03,32.2,87.1,73.0,23592.464724902977,139228.632119131,54.343078458578226,142.89656285486865,182,436.3,0.15623943682470176,NORMAL
2026-08-19 13:46:10,23.5,87.6,73.0,14308.679277451805,150751.82441124594,48.95688557820942,152.0561212507003,194,433.4,0.1858825082250306,NORMAL
2026-08-19 13:46:17,14.5,86.6,73.0,6131.161135678516,28887.368126576937,19.000747290437943,36.48143479764085,195,476.58,0.22997505955962,NORMAL
2026-08-19 13:46:23,16.1,86.0,73.0,6914.614336835081,28557.89847844261,16.479926591048756,32.95985318209751,192,430.74,0.2326119305546846,NORMAL
2026-08-19 13:46:30,30.0,86.4,73.0,5070.37247843747,22702.462209544785,11.050520702371557,25.27995831912397,189,531.75,0.2006109804052651,NORMAL
2026-08-19 13:46:36,11.3,86.5,73.0,7155.908656133206,130322.53717676691,27.86382117821086,119.54478118393692,176,465.44,0.1965789704456571,NORMAL
2026-08-19 13:46:43,17.1,86.9,73.0,15032.843769091773,143854.12183199215,46.81247180731742,143.91059881410808,173,433.64,0.19439642795486528,NORMAL
2026-08-19 13:46:50,17.5,87.1,73.0,9014.046440215196,94166.34272530717,31.35585218987387,96.35074969024349,167,533.89,0.1835682349515848,NORMAL
2026-08-19 13:46:56,15.2,87.3,73.0,9422.230634406458,234280.1297019896,46.244813643707,209.90340738279997,168,529.29,0.16248198702947797,NORMAL
2026-08-19 13:47:03,21.3,86.3,73.0,8319.701871585652,58148.95880428642,27.001304260311876,63.90308674940477,172,511.01,0.20280066775176742,NORMAL
2026-08-19 13:47:10,20.0,87.1,73.0,19025.88732280186,118638.95878420272,57.17084594565558,127.2463972753699,183,422.05,0.18845558108130023,NORMAL
2026-08-19 13:47:16,13.7,86.8,73.0,12980.313489401948,187814.06695281522,41.971560892193224,171.38387364312234,177,464.56,0.18843276834702977,NORMAL
2026-08-19 13:47:23,15.1,86.6,73.0,7992.528654922635,147515.852018624,32.54903323878408,135.4948127847058,178,436.17,0.1953760434354621,NORMAL
2026-08-19 13:47:29,26.9,87.2,73.0,10574.308430868687,138135.4460878028,37.12357156969633,133.6448576509068,183,424.42,0.18064394546139212,NORMAL
2026-08-19 13:47:36,26.2,86.2,73.0,12284.667019389037,201835.0024323232,41.26087486600667,181.729882681897,174,512.56,0.16006301451722743,NORMAL
2026-08-19 13:47:43,10.5,87.0,73.0,63279.80494350869,202426.55772515148,157.6397122442679,246.46133041220298,238,509.37,0.06999951488421519,NORMAL
2026-08-19 13:47:49,13.5,87.9,73.0,38789.35224182299,217861.21200857306,93.65305654913374,228.94639666826754,255,519.38,0.11064845495000908,NORMAL
2026-08-19 13:47:56,26.3,88.8,73.0,89752.20077970544,876851.6531763725,300.25225655903677,795.9474686683054,300,462.88,-0.0030303470351018547,ANOMALY
2026-08-19 13:48:03,14.1,87.1,73.0,12991.182628982551,144364.3395636483,50.27617571358564,129.2384576901781,291,452.09,0.1838903287076717,NORMAL
2026-08-19 13:48:09,5.5,86.6,73.0,11308.623352091643,18856.57628803017,20.52933708777478,25.243481159782327,282,545.91,0.1667644702347092,NORMAL
2026-08-19 13:48:16,46.9,94.1,73.0,72997.32200196812,932097.0637702325,258.2631890181678,852.9697582997488,337,612.86,-0.03661777462776683,ANOMALY
2026-08-19 13:48:23,8.4,93.9,73.0,14258.370786837437,144941.34114188707,61.388995388867365,149.10869241440554,343,471.2,0.11092475205387897,NORMAL
2026-08-19 13:48:29,18.1,92.6,73.0,953.9746926158087,6848.92516376637,6.49373306672151,8.758988787670873,338,526.0,0.19104853598185617,NORMAL
2026-08-19 13:48:36,20.5,90.8,73.0,21917.14577342989,298602.9690728526,71.59277759541769,274.36393594218765,354,518.53,0.12226777768661395,NORMAL
2026-08-19 13:48:43,3.1,89.5,73.0,718.3876819983637,5422.2705175074325,5.5642336683984635,8.120773461986946,345,531.72,0.18666132731853902,NORMAL
2026-08-19 13:48:49,6.6,88.0,73.0,1822.7128048770874,5690.58542965708,3.9078529666697674,6.012081487184258,332,533.36,0.19372495509638832,NORMAL
2026-08-19 13:48:56,8.4,88.0,73.0,3280.645914144009,7594.599225477227,17.712125634562273,18.61274219225188,344,523.11,0.19285343408237693,NORMAL
2026-08-19 13:49:03,15.7,88.8,73.0,14795.149008938404,238498.73623707207,57.78945708438546,223.52243374867226,342,498.73,0.15116096273775714,NORMAL
2026-08-19 13:49:09,3.1,86.7,73.0,1101.9061854096483,5382.53819291415,6.011490373211393,7.3640757071839555,331,614.66,0.18211958058024175,NORMAL
2026-08-19 13:49:16,8.2,86.1,73.0,1224.4823867370847,5359.808679545133,4.58330765380942,5.913945359754091,329,484.33,0.22629949105642705,NORMAL
2026-08-19 13:49:23,15.2,87.8,73.0,23360.549522798254,438135.3457988269,92.72456432947693,395.66507906063447,348,501.05,0.12129777916131235,NORMAL
2026-08-19 13:49:29,13.9,89.7,73.0,2796.548581737439,266095.62017095386,28.173396443535236,221.31935494948266,343,550.5,0.13374302084006462,NORMAL
2026-08-19 13:49:36,6.2,89.0,73.0,1109.9347789134627,5173.5443337757415,3.600761650976359,5.25111074100719,340,536.78,0.18917620860933704,NORMAL
2026-08-19 13:49:43,15.5,89.6,73.0,30262.13508248872,62081.12555933295,55.87482556476515,84.63612987692309,314,488.01,0.16258453746482077,NORMAL
2026-08-19 13:49:49,19.3,88.2,73.0,12358.108988313965,28790.941400880696,32.42885568070866,50.67951399403772,300,544.04,0.18813442101712902,NORMAL
2026-08-19 13:49:56,15.7,76.0,73.0,6663.457495124691,5489.323494972622,13.624865342239005,16.170169856723213,274,443.91,0.19177978734343631,NORMAL
2026-08-19 13:50:03,7.3,77.8,73.0,6395.945694673963,3627.8841775672904,5.765530456591403,9.103469141986427,274,449.17,0.20551295846702478,NORMAL
2026-08-19 13:50:09,3.6,77.9,73.0,4420.391435468129,4402.267649344848,8.155703755476253,9.514987714722295,264,455.11,0.20444746967122857,NORMAL
2026-08-19 13:50:16,14.9,77.9,73.0,4599.991094267893,5882.9724786706765,10.970862194418107,13.713577743022634,226,464.08,0.2190089784864948,NORMAL
2026-08-19 13:50:22,30.0,78.4,73.0,24396.829393915603,26969.58044011221,51.65193445705287,59.07405993621882,234,457.0,0.14385364405455914,NORMAL
2026-08-19 13:50:29,18.1,78.8,73.0,53204.34011295261,558125.2375590574,256.9922038949709,404.53596330761303,279,464.07,0.03822990223349121,NORMAL
2026-08-19 13:50:36,8.8,77.0,73.0,3246.6141253427204,3443.6953579421456,4.847501493606152,7.119767818734036,273,558.63,0.17570377781877722,NORMAL
2026-08-19 13:50:42,20.8,77.8,73.0,25578.197996319446,29835.58235318449,25.232262188679385,37.77374161973896,279,442.37,0.1645154061068515,NORMAL
2026-08-19 13:50:49,24.1,79.2,73.0,7405.291588526941,6409.572272089502,9.584464008488728,13.692091440698183,279,502.51,0.19940654383336204,NORMAL
2026-08-19 13:50:55,18.9,78.2,73.0,2692.1509976400725,8028.827193888886,11.716250879912144,14.45511472196953,251,470.96,0.21792723633316635,NORMAL
2026-08-19 13:59:36,15.3,94.0,72.6,5263.197811858312,997.0744429306716,4.84016719869258,7.744267517908129,154,687.19,0.13835084324399122,NORMAL
2026-08-19 13:59:43,13.8,93.6,72.6,3067.229642696823,8322.423135158502,6.752531416307587,8.620252871882025,156,445.84,0.19838961426719232,NORMAL
2026-08-19 13:59:49,5.2,93.0,72.6,4545.987251124109,3306.1037662620465,7.111853037407487,8.625013258132485,155,453.13,0.18646554097941648,NORMAL
2026-08-19 13:59:56,8.6,93.3,72.6,1625.1586154476518,3603.5663608393497,3.948614522160447,6.378531151182261,155,429.62,0.18406624335379562,NORMAL
2026-08-19 14:00:03,8.2,93.4,72.6,1276.3603941090823,3691.727278411957,3.486909260542688,4.851352014668088,151,423.41,0.1858991336638099,NORMAL
2026-08-19 14:00:09,13.1,93.6,72.6,2832.663736710363,2670.5936481563394,5.457926274971798,6.064362527746442,151,451.47,0.19782905940926798,NORMAL
2026-08-19 14:00:16,24.5,94.4,72.6,1274.4214880762124,4888.59052327796,3.1818869634526763,5.151626512256714,151,450.86,0.19155204107232265,NORMAL
2026-08-19 14:00:22,18.1,94.9,72.6,4184.768751793208,4189.291685199333,7.688986790411558,10.402746834086226,152,446.51,0.19127925876640967,NORMAL
2026-08-19 14:00:29,43.6,94.8,72.6,11159.526306272608,61253.68896411596,41.739338417866975,68.65818710765075,164,455.2,0.10992873326119684,NORMAL
2026-08-19 14:00:36,26.1,93.0,72.6,2962.1158500661286,6151.262885422007,5.883200150365605,8.749374582595001,163,435.58,0.19905779876787294,NORMAL
2026-08-19 14:00:42,8.6,91.9,72.6,1289.1784306625807,2620.403538034632,3.491240304396486,6.37530838194141,163,458.05,0.19933117644215376,NORMAL
2026-08-19 14:00:49,21.2,88.3,72.6,3978.4498722826766,3955.417140209282,8.940336791646464,9.546461319893682,161,460.26,0.238957255092777,NORMAL
2026-08-19 14:00:55,5.3,88.2,72.6,4701.590271359433,5770.42967237685,6.666988041503595,9.697437151277956,161,449.96,0.21649626084039775,NORMAL
2026-08-19 14:01:02,8.6,88.6,72.6,4792.8259820737485,7389.186483231307,13.344998779385852,18.197725608253435,165,444.12,0.21379181172631556,NORMAL
2026-08-19 14:01:09,42.9,91.0,72.6,15061.59642070675,15556.27996273909,27.465558622040984,29.13473621785563,166,440.04,0.14558821075015893,NORMAL
2026-08-19 14:01:15,21.0,90.0,72.6,5314.492874999303,4373.27404944303,7.7435328445507245,9.717374550024438,166,473.38,0.22721931886138858,NORMAL
2026-08-19 14:01:22,1.3,89.1,72.6,1288.8074594467107,3559.743308749601,3.625762399099878,5.287570165353989,157,441.79,0.21056972391212192,NORMAL
2026-08-19 14:01:28,16.4,90.4,72.6,1447.0038157348608,3757.677101220856,3.6505930387508316,4.867457385001109,157,446.7,0.22792600238638167,NORMAL
2026-08-19 14:01:35,21.9,90.2,72.6,4504.957201841503,8094.987288994412,15.484082578104642,16.546715696209862,161,441.24,0.22142976085903754,NORMAL
2026-08-19 14:01:42,24.2,90.5,72.6,7252.074400828916,17984.149708149027,25.931678360205442,29.11627043952892,170,431.25,0.1969991264878791,NORMAL
2026-08-19 14:01:48,22.4,93.3,72.6,24119.035282474873,120623.10566568136,98.20775483493337,152.85194608775564,227,440.8,0.12857921853726634,NORMAL
2026-08-19 14:01:55,27.9,94.3,72.6,21857.006881152753,393528.46314603003,79.47947451519086,335.4790771917389,247,482.04,0.0915743698665073,NORMAL
2026-08-19 14:02:01,49.4,96.5,72.6,23277.078050795826,1450679.895532365,181.0986199300817,1131.4121138106775,243,493.6,-0.02647730573570317,ANOMALY
2026-08-19 14:02:08,13.6,92.5,72.6,40398.591536202635,4028821.1237177146,362.9719022478029,3131.4630834523427,243,471.59,-0.04942751906952292,ANOMALY
2026-08-19 14:02:15,17.6,91.6,72.6,39171.90299421845,4086436.710232139,371.03475192146465,3169.7098721133943,236,491.4,-0.04248633189234674,ANOMALY
2026-08-19 14:02:21,16.5,92.4,72.6,12149.077375794035,920757.166724283,91.0094123633945,719.0196359854252,238,445.89,0.07653304718733633,NORMAL
2026-08-19 14:02:28,24.5,93.6,72.6,27902.82907409197,3031269.0774695314,270.3385125545844,2353.025196219334,231,490.96,-0.030566827562114263,ANOMALY
2026-08-19 14:02:34,17.9,94.1,72.6,35727.372262663215,4027853.8449987494,354.9907751374603,3122.9512143268225,219,505.46,-0.0593142470550021,ANOMALY
2026-08-19 14:02:41,24.3,94.0,72.6,38699.455841940224,4085760.676382407,370.5332374307159,3174.094947804835,230,461.57,-0.059554962101564635,ANOMALY
2026-08-19 14:02:48,27.4,94.0,72.6,39201.77036961437,3578507.7111051423,333.9358979659514,2785.6286867545573,237,465.62,-0.04080039756281362,ANOMALY
2026-08-19 14:02:54,33.5,94.8,72.6,35813.32551860042,4001964.441033629,355.8061316779657,3103.6893162836677,234,498.32,-0.06947384645713661,ANOMALY
2026-08-19 14:03:01,21.8,95.2,72.6,10856.824541364524,1092789.766090652,99.4302729011028,848.7620425440059,228,429.27,0.03238645283040387,NORMAL
2026-08-19 14:03:08,28.3,95.0,72.6,11067.345319264581,870013.1722355967,82.81438887057139,676.646740625054,228,499.39,0.03800707052724617,NORMAL
2026-08-19 14:03:14,18.0,95.2,72.6,37072.30208110512,4086116.0755122504,356.77512715022056,3166.642251129864,223,490.9,-0.0621872939253747,ANOMALY
2026-08-19 14:03:21,60.0,96.8,72.6,36078.6823377877,4029932.329785462,358.68102839044764,3125.5625169021673,225,488.49,-0.10148331955046197,ANOMALY
2026-08-19 14:03:27,27.0,79.6,72.6,25484.868539949242,824003.2086847094,87.3431331972841,651.1033565615725,223,448.69,0.06036929467510099,NORMAL
2026-08-19 14:03:34,34.3,78.2,72.6,6257.752247886281,9484.25888802785,6.5188077585907775,11.521613712858118,219,455.18,0.17068321359671995,NORMAL
2026-08-19 14:03:41,12.9,77.4,72.6,2714.1871863444903,5072.78610509755,8.347142431723718,10.927168274256502,220,472.04,0.20986324368064885,NORMAL
2026-08-19 14:03:47,11.9,78.8,72.6,263525.0171693946,51335.99724126569,132.6129513683874,154.94141189457775,206,428.54,0.0004210603490901743,NORMAL
2026-08-19 14:03:54,18.6,80.1,72.6,73050.61957255649,132286.7011504284,40.85613616001317,86.57248182605022,195,468.35,0.09205021040289557,NORMAL
2026-08-19 14:04:00,23.7,80.9,72.6,4546.777106954355,7399.119117032192,7.121385098202302,11.969987718254933,195,437.5,0.22652174611984333,NORMAL
2026-08-19 14:04:07,22.0,80.0,72.6,1351.4308386574342,3354.208525740932,3.9475566571276586,7.895113314255317,193,438.62,0.22796972452465802,NORMAL
2026-08-19 14:04:14,27.5,84.0,72.6,7546.189058987692,12167.251491229505,25.384641422248453,24.93134425399402,184,453.98,0.20726947890020803,NORMAL
2026-08-19 14:04:20,16.7,85.9,72.6,1345.262407030448,3233.9992987141936,3.9437166064710394,5.15716787000059,179,448.32,0.24819272460273817,NORMAL
2026-08-19 14:04:27,24.7,84.4,72.6,2611.979835001568,5243.757779649815,10.965106881237997,12.335745241392747,187,455.62,0.23747648428369494,NORMAL
2026-08-19 14:04:33,16.0,85.4,72.6,17046.307040381205,7358.226335262039,11.08875792147414,16.405285692043932,191,448.91,0.2214131161860683,NORMAL
2026-08-19 14:04:40,47.3,84.5,72.6,5397.345211389767,8392.959385861408,10.357541255101008,11.119125170917258,184,444.51,0.16221246093633856,NORMAL
2026-08-19 14:04:47,6.1,81.8,72.6,10991.48396208719,6129.671186782686,9.225738172512123,11.494362313293793,168,445.81,0.20583888097617103,NORMAL
2026-08-19 14:04:53,3.0,79.9,72.6,294.0006513964869,2578.393309663247,1.9751981747567597,3.1907047438378426,165,442.1,0.21215949742347018,NORMAL
2026-08-19 14:05:00,17.5,80.2,72.6,6865.157398751358,4385.764734171665,4.10168506486439,7.595713083082205,165,439.43,0.2236883567466305,NORMAL
2026-08-19 14:05:06,9.1,79.6,72.6,2259.4211345843905,2584.7252652376797,2.5951056879896384,4.426944997158795,165,458.92,0.22332816391702265,NORMAL
2026-08-19 14:05:13,16.3,81.1,72.6,1150.5868583654392,4344.0555124688835,4.085460964737882,7.868295191347032,164,459.12,0.24164150205631013,NORMAL
2026-08-19 14:05:20,18.4,81.5,72.6,2320.996405776955,5028.37098329508,4.242583846569705,7.121480028170576,161,443.08,0.24234849233133648,NORMAL
2026-08-19 14:05:26,10.8,81.6,72.6,367.6873635770831,2531.181126074123,2.8927784297989976,4.415293392851102,161,445.54,0.23825266723947647,NORMAL
2026-08-19 14:05:33,33.9,85.1,72.6,6150.565804938612,5885.3213222876475,16.596813208355417,17.510399256521772,168,457.74,0.20109624343199894,NORMAL
2026-08-19 14:05:39,57.1,93.4,72.6,2872.436439570402,6274.061835294615,4.857729947481918,7.134790860364068,164,454.95,0.12573964107930713,NORMAL
2026-08-19 14:05:46,18.7,89.0,72.6,5794.2667081801,11882.984879371985,17.9361297266061,19.879210446988427,153,460.89,0.22377532222530527,NORMAL
2026-08-19 14:05:53,8.3,88.7,72.6,620.3058634865887,5587.893010072582,4.837871711326063,6.047339639157579,151,453.6,0.22290027430552228,NORMAL
2026-08-19 14:05:59,17.5,89.1,72.6,798.8259750009411,3006.7404771172173,3.1729422120332442,5.13714453376811,151,429.31,0.23527671933788546,NORMAL
2026-08-19 14:06:06,9.2,87.7,72.6,836.9914420842006,2793.2066696905285,2.7730252084512443,3.54330998857659,151,506.45,0.21945542454504968,NORMAL
2026-08-19 14:06:12,12.3,91.7,72.6,849.7187482493808,3947.8820786911865,3.029840428772975,4.090284578843517,148,455.22,0.20903835139081434,NORMAL
2026-08-19 14:06:19,17.3,92.8,72.6,2290.092650288254,4795.613552161422,3.8277940935485955,5.358911730968034,148,429.58,0.20013915377115798,NORMAL
2026-08-19 14:06:25,16.8,92.8,72.6,2136.640542182408,3511.805797012586,3.6565439968894604,4.113611996500643,142,440.15,0.20072935273440695,NORMAL
2026-08-19 14:06:32,41.1,93.8,72.6,5376.337471342762,5681.467389759891,10.490266253503679,12.314660384547796,142,444.09,0.15435975305306737,NORMAL
2026-08-19 14:06:39,16.7,88.5,72.6,3509.4539379822477,5291.295558859542,5.907661584137934,7.876882112183912,145,444.7,0.24008040540953118,NORMAL
2026-08-19 14:06:45,34.5,89.5,72.6,509.308148704833,2748.046978864449,3.188870340727935,6.5295916500619615,143,447.51,0.19944235514847036,NORMAL
2026-08-19 14:06:52,22.0,89.0,72.6,2673.3253095227187,4753.232481842106,3.4720471014186307,6.038342785075879,143,460.19,0.23242539239526233,NORMAL
2026-08-19 14:06:58,15.2,88.5,72.6,287.8195240956448,5052.006030161437,2.1230101882713526,4.700951131172281,143,438.13,0.23303505184061157,NORMAL
2026-08-19 14:07:05,11.7,88.2,72.6,2183.890478669562,7064.835107021699,5.7387344021466955,6.946889013124947,143,434.59,0.22765019579302698,NORMAL
2026-08-19 14:07:12,28.4,88.9,72.6,6731.662254646253,18019.805781067225,16.695967351606228,17.758438001253896,150,479.7,0.20239473866698632,NORMAL
2026-08-19 14:07:18,17.3,88.7,72.6,3857.7230496916886,4727.733227063872,3.1636733722624855,5.272788953770809,150,431.54,0.23274857033890878,NORMAL
2026-08-19 14:07:25,34.1,90.1,72.6,3358.328829597779,5340.769644103571,4.918826553786567,9.376513118155644,150,428.66,0.19655342904284795,NORMAL
2026-08-19 14:07:31,19.3,90.4,72.6,8977.20639412876,5972.24497543031,11.85029529594414,14.584978825777403,149,449.35,0.21926751522600652,NORMAL
2026-08-19 14:07:38,22.5,89.8,72.6,7428.764010554769,4643.750786083968,7.6950739217689295,10.863633771909077,146,485.88,0.22027604477740925,NORMAL
2026-08-19 14:07:45,23.3,89.5,72.6,2151.7882905716606,4248.506406621717,3.901429257661309,5.852143886491963,140,430.7,0.2233141902256694,NORMAL
2026-08-19 14:07:51,14.3,89.7,72.6,2002.7054974153234,4137.110238941537,4.384934648927473,6.048185722658584,142,477.12,0.2266984459417833,NORMAL
2026-08-19 14:07:58,16.1,88.2,72.6,315.6313738390726,4536.388878958504,2.5685655123332856,4.683854757784227,139,417.74,0.2318808877821653,NORMAL
2026-08-19 14:08:04,13.7,87.9,72.6,3018.2222570736094,5329.4582543800525,7.401382872153532,9.405924066695114,142,440.55,0.24026089933209782,NORMAL
2026-08-19 14:08:11,23.3,88.8,72.6,302.59244888997887,4904.153546971582,2.3098660220609077,4.157758839709634,142,427.99,0.22260081986099234,NORMAL
2026-08-19 14:08:17,16.0,87.3,72.6,884.392026516682,3988.452721220077,3.6907335483220947,7.073905967617349,142,438.71,0.24426545536038308,NORMAL
2026-08-19 14:08:24,29.0,87.6,72.6,1392.8576009415137,2275.3187522229523,3.8468228041911003,4.770060277196965,139,456.07,0.22483297926971313,NORMAL
2026-08-19 14:08:30,33.2,87.2,72.6,2099.6633126478105,3829.0939269669207,5.491708751476401,7.169730869983079,136,442.11,0.211393413268201,NORMAL
2026-08-19 14:08:37,17.5,87.3,72.6,3924.5889776918266,5394.715388805113,3.68837903687214,5.993615934917227,133,459.25,0.23864920726505923,NORMAL
2026-08-19 14:08:43,18.6,87.5,72.6,3028.491723789245,4803.751000403803,3.2204945411977994,5.2141340190821515,133,455.1,0.2396319611112827,NORMAL
2026-08-19 14:08:50,26.3,88.1,72.6,2273.122577937766,3735.8515601090203,3.682909732701437,5.370910026856262,133,435.01,0.22294971181411927,NORMAL
2026-08-19 14:08:56,17.8,87.5,72.6,1827.511757066168,6253.663204330568,4.4547231196872215,6.451667966443562,133,441.6,0.23902323184099572,NORMAL
2026-08-19 14:09:03,33.6,88.4,72.6,1191.648259706662,5343.998994967428,7.124725633661507,8.489034797554137,136,469.89,0.20723153116861048,NORMAL
2026-08-19 14:09:10,16.5,90.0,72.6,2024.5858450059056,3272.8097828693953,6.014812373754919,6.917034229818157,135,450.52,0.22917697924669134,NORMAL
2026-08-19 14:09:16,15.1,89.6,72.6,275.7997331832753,3448.8605096253636,1.9699980941662518,3.485381243524907,132,585.57,0.19460276145256167,NORMAL
2026-08-19 14:09:23,23.5,89.2,72.6,1995.259124339766,4178.775453059532,8.16573047389591,9.205005261482661,137,444.27,0.2291778242273072,NORMAL
2026-08-19 14:09:30,43.1,90.0,72.6,2799.867636159316,3232.2924783178314,6.959951973160147,7.716468491981903,136,435.21,0.1734273781536821,NORMAL
2026-08-19 14:09:36,20.8,89.7,72.6,7129.471647963496,4520.880928570863,5.687222710360463,8.915105870294779,136,429.48,0.22033560507313887,NORMAL
