timestamp,cpu_usage,ram_usage,disk_usage,bytes_sent,bytes_received,packets_sent,packets_received,active_connections,response_time_ms
2026-08-19 12:11:32,12.0,84.6,71.8,3404430,17182727,6775,8301,104,510.76
2026-08-19 12:11:39,17.5,84.5,71.8,3428571,17224004,6823,8369,108,452.26
2026-08-19 12:12:59,28.0,85.6,71.8,4469244,17857876,7400,9385,112,490.17
2026-08-19 12:13:05,7.7,84.6,71.8,4488568,17899982,7439,9437,112,427.31
2026-08-19 12:13:12,13.2,85.4,71.8,4534900,17938364,7482,9499,106,499.26
2026-08-19 12:13:18,18.7,88.4,71.8,4812982,19689756,8260,11212,161,464.58
2026-08-19 12:13:25,10.1,89.0,71.8,4895569,20839064,8508,12222,161,457.32
2026-08-19 12:13:31,20.4,89.3,71.8,5030421,24153574,8984,14900,162,461.14
2026-08-19 12:13:38,13.2,91.3,71.8,5195167,28910557,9820,18700,164,438.28
2026-08-19 12:13:44,17.1,89.5,71.8,5248010,30221300,10043,19775,144,464.29
2026-08-19 12:13:51,9.9,88.7,71.8,5271686,30638268,10119,20127,139,465.66
2026-08-19 12:13:57,11.5,88.8,71.8,5277428,30657022,10142,20163,132,459.65
2026-08-19 12:14:04,11.0,88.6,71.8,5288911,30694059,10180,20217,124,458.62
2026-08-19 12:14:10,14.1,88.5,71.8,5294368,30718857,10198,20255,124,445.53
2026-08-19 12:14:17,20.7,89.4,71.8,5393174,32089722,10467,21428,132,447.02
2026-08-19 12:14:23,14.7,88.4,71.8,5484573,34928756,10905,23720,132,430.75
2026-08-19 12:14:30,12.2,87.6,71.8,5506837,35447395,10989,24151,134,440.45
2026-08-19 12:14:36,6.2,87.7,71.8,5533164,35915422,11077,24548,135,428.62
2026-08-19 12:14:43,22.9,89.0,71.8,5715213,40402173,11825,28179,137,571.18
2026-08-19 12:14:49,3.9,89.2,71.8,5801233,41971615,12123,29498,137,465.92
2026-08-19 12:14:56,19.8,89.6,71.8,5935361,45065832,12680,32037,142,443.22
2026-08-19 12:15:02,15.7,91.6,71.8,6154312,49896460,13542,36039,154,538.8
2026-08-19 12:15:09,36.8,92.5,71.8,6626826,53535045,15286,39885,261,581.81
2026-08-19 12:15:15,3.0,90.3,71.8,6657699,53600404,15371,40005,254,500.32
2026-08-19 12:15:23,65.7,98.4,71.8,7395587,60186427,19080,45890,505,1777.85
2026-08-19 12:15:32,35.7,95.8,72.8,8342764,61500869,23740,50275,973,2772.27
2026-08-19 12:15:39,11.2,90.1,72.8,8877256,62974937,26300,53406,1042,443.43
2026-08-19 12:15:45,18.6,89.4,72.8,8897908,63028675,26379,53604,1038,449.13
2026-08-19 12:15:52,31.5,89.0,72.8,9018939,63117011,26628,53896,979,458.22
2026-08-19 12:16:00,35.1,93.6,72.8,9588872,63742716,29167,56192,1236,2039.73
2026-08-19 12:16:06,17.8,93.4,72.8,9911194,64393746,30602,57986,1255,441.77
2026-08-19 12:16:13,12.7,92.8,72.8,9928382,64428710,30719,58158,1241,473.39
2026-08-19 12:16:19,14.8,89.4,72.8,9947141,64453921,30854,58320,1225,436.91
2026-08-19 12:16:26,13.6,89.2,72.8,9953624,64488413,30890,58383,1212,436.07
2026-08-19 12:16:32,32.3,91.0,72.8,9961503,64514707,30946,58512,1193,444.84
2026-08-19 12:16:39,27.6,95.8,72.8,10002050,64605497,31104,58689,1194,447.02
2026-08-19 12:16:45,46.3,96.2,72.8,10033607,64675212,31284,58885,1197,464.49
2026-08-19 12:16:52,10.6,93.8,72.8,10090676,64726388,31431,59051,1191,478.72
2026-08-19 12:16:58,35.4,94.7,72.8,10109324,64754244,31539,59185,1181,512.35
2026-08-19 12:17:05,44.6,96.1,72.8,10179480,65228676,31907,59670,1161,505.05
2026-08-19 12:17:12,45.5,95.9,72.8,10224501,65323635,32026,59824,1113,479.86
2026-08-19 12:17:18,39.9,95.3,72.8,10265753,65378132,32348,60060,997,469.38
2026-08-19 12:17:25,48.4,95.8,72.8,10313928,65467801,32687,60337,677,462.47
2026-08-19 12:17:31,20.5,89.4,72.8,10513654,65534615,32908,60518,544,429.65
2026-08-19 12:17:38,53.0,92.5,72.8,10540650,65587444,33001,60622,482,445.69
2026-08-19 12:17:44,15.9,94.0,72.8,10551164,65630516,33042,60701,479,455.18
2026-08-19 12:17:51,21.0,94.1,72.8,10557985,65656791,33065,60749,479,430.48
2026-08-19 12:17:57,16.2,91.1,72.8,10563264,65682281,33081,60776,314,454.77
2026-08-19 12:18:04,39.4,87.5,72.8,10574481,65717598,33109,60820,265,466.2
2026-08-19 12:18:10,19.8,87.5,72.8,10580380,65749722,33132,60875,262,428.64
2026-08-19 12:18:16,18.2,87.6,72.8,10587638,65774137,33154,60912,262,436.82
2026-08-19 12:18:23,22.6,87.6,72.8,10603189,65802158,33200,60966,262,438.38
2026-08-19 12:18:29,23.6,87.7,72.8,10616080,65834870,33242,61023,262,449.81
2026-08-19 12:18:36,22.5,87.9,72.8,10626270,65869195,33291,61088,258,443.92
2026-08-19 12:18:42,11.3,88.8,72.8,10732086,66091919,33723,61562,308,439.18
2026-08-19 12:18:49,15.0,88.5,72.8,10741624,66123703,33754,61629,302,434.86
2026-08-19 12:18:55,12.8,89.3,72.8,10747652,66150004,33780,61663,301,461.52
2026-08-19 12:19:02,14.0,89.1,72.8,10756748,66181932,33805,61708,299,435.86
2026-08-19 12:19:08,17.6,89.3,72.8,10770630,66210272,33847,61769,297,631.19
2026-08-19 12:19:15,14.4,89.3,72.8,10776221,66230818,33866,61797,282,473.02
2026-08-19 12:19:22,14.0,89.1,72.8,10783748,66264501,33896,61838,229,517.34
2026-08-19 12:19:28,17.3,88.6,72.8,10789573,66296139,33919,61889,140,507.65
2026-08-19 12:19:35,14.7,88.4,72.8,10795233,66322079,33939,61925,137,462.55
2026-08-19 12:19:41,14.3,88.6,72.8,10801479,66344602,33963,61958,137,436.76
2026-08-19 12:19:48,15.8,88.9,72.8,10831571,66391555,34021,62051,140,430.03
2026-08-19 12:19:54,17.4,90.3,72.8,10852958,66433377,34087,62127,144,463.14
2026-08-19 12:20:01,16.3,89.6,72.8,10870153,66460771,34130,62182,144,523.06
2026-08-19 12:20:07,29.3,88.4,72.8,10879118,66492672,34161,62226,144,562.9
2026-08-19 12:20:14,21.5,86.1,72.8,10891783,66528497,34214,62294,149,459.61
2026-08-19 12:20:20,23.1,86.4,72.8,10980385,66673279,34500,62618,177,432.23
2026-08-19 12:20:27,16.2,86.0,72.8,10986039,66692729,34521,62653,176,436.58
2026-08-19 12:20:33,12.3,86.0,72.8,10991610,66723648,34541,62690,176,455.62
2026-08-19 12:20:40,15.9,86.3,72.8,11006023,66783834,34594,62763,159,516.03
2026-08-19 12:20:46,14.9,86.4,72.8,11026133,66858449,34659,62882,147,450.04
2026-08-19 12:20:53,13.5,86.6,72.8,11036520,66881110,34690,62923,139,468.93
2026-08-19 12:20:59,32.0,87.1,72.8,11042256,66908106,34711,62959,139,463.48
2026-08-19 12:21:06,15.5,86.2,72.8,11059506,66972166,34779,63060,146,438.81
2026-08-19 12:21:12,18.1,86.5,72.8,11069570,67024689,34817,63126,147,446.32
2026-08-19 12:21:19,12.1,86.5,72.8,11083067,67057363,34855,63180,145,444.92
2026-08-19 12:21:25,11.3,86.5,72.8,11088894,67089194,34878,63220,145,461.7
2026-08-19 12:21:32,16.6,86.6,72.8,11094830,67116684,34902,63265,147,440.71
2026-08-19 12:21:38,10.5,86.7,72.8,11100195,67140019,34919,63301,147,430.86
2026-08-19 12:21:44,10.7,86.0,72.8,11105935,67180578,34940,63366,147,432.43
2026-08-19 12:21:51,21.6,85.9,72.8,11123264,67217836,35003,63446,144,451.91
2026-08-19 12:21:57,16.3,86.1,72.8,11130690,67251283,35044,63505,147,500.55
2026-08-19 12:22:04,12.7,86.1,72.8,11148456,67368280,35139,63622,154,454.63
2026-08-19 12:22:10,15.7,85.9,72.8,11154321,67380419,35162,63652,151,453.15
2026-08-19 12:22:17,19.7,86.4,72.8,11173169,67439775,35235,63744,152,449.97
2026-08-19 12:22:23,12.5,86.3,72.8,11184155,67463607,35259,63780,134,434.33
2026-08-19 12:22:30,40.8,86.6,72.8,11235641,68424830,35554,64667,145,462.05
2026-08-19 12:22:36,47.7,90.9,72.8,11937663,76928401,38471,72603,340,565.78
2026-08-19 12:22:44,25.3,91.1,72.8,12971346,80432785,43786,78835,794,1474.44
2026-08-19 12:22:51,20.1,89.8,72.8,13388297,81267867,45565,80976,890,471.62
2026-08-19 12:22:57,22.2,89.4,72.8,13545796,81385485,45896,81382,879,428.45
2026-08-19 12:23:03,17.0,89.0,72.8,13575275,81441241,46006,81574,868,432.34
2026-08-19 12:23:10,20.3,88.3,72.8,13582898,81466161,46041,81654,828,465.71
2026-08-19 12:23:16,16.7,87.9,72.8,13604658,81508378,46107,81796,795,430.39
2026-08-19 12:23:23,17.8,88.3,72.8,13697607,81586668,46328,82027,785,445.21
2026-08-19 12:23:29,23.3,88.3,72.8,13714839,81619482,46468,82184,779,436.99
2026-08-19 12:23:36,13.5,87.4,72.8,13723786,81649528,46529,82269,777,442.66
2026-08-19 12:23:42,18.9,87.4,72.8,13751463,81701154,46714,82483,754,457.2
2026-08-19 12:23:49,17.4,87.5,72.8,13769181,81735077,46784,82608,747,479.03
2026-08-19 12:23:55,14.9,87.2,72.8,13775302,81749227,46812,82650,731,455.37
2026-08-19 12:24:02,12.8,87.1,72.8,13791238,81767888,46852,82701,725,471.33
2026-08-19 12:24:08,14.7,87.0,72.8,13799287,81782078,46905,82758,728,456.09
2026-08-19 12:24:15,19.7,87.1,72.8,13807349,81818176,46965,82829,726,443.55
2026-08-19 12:24:21,16.5,87.1,72.8,13816444,81846864,47008,82892,724,442.18
2026-08-19 12:24:28,17.2,87.4,72.8,13828845,81880501,47062,82961,711,449.1
2026-08-19 12:24:34,17.6,87.3,72.8,13842030,81915149,47108,83028,647,457.86
2026-08-19 12:24:41,15.9,87.3,72.8,13847995,81946999,47133,83069,342,446.77
2026-08-19 12:24:47,27.0,88.6,72.8,13919850,82069312,47390,83380,254,472.48
2026-08-19 12:24:54,29.3,91.4,72.8,14199274,83134442,48407,84888,300,438.03
2026-08-19 12:25:00,21.9,89.8,72.8,14223663,83165548,48470,84970,297,438.14
2026-08-19 12:25:07,39.8,97.8,72.8,14610045,86593483,49613,88370,345,447.32
2026-08-19 12:25:13,32.2,90.8,72.8,14666407,86650663,49786,88557,351,487.0
2026-08-19 12:25:20,19.8,87.3,72.8,14699818,86681410,49878,88663,341,461.77
2026-08-19 12:25:26,18.5,87.4,72.8,14711084,86694050,49906,88695,325,487.27
2026-08-19 12:25:33,16.4,87.4,72.8,14716862,86709927,49924,88722,321,446.73
2026-08-19 12:25:39,15.4,87.3,72.8,14724699,86742210,49964,88777,298,465.43
2026-08-19 12:25:46,19.1,87.3,72.8,14731930,86779141,50009,88857,278,466.49
2026-08-19 12:25:52,20.2,87.5,72.8,14738336,86797199,50043,88901,272,462.81
2026-08-19 12:25:59,34.7,87.3,72.8,14874450,86913411,50442,89306,305,463.4
2026-08-19 12:26:05,20.0,87.7,72.8,14918279,86949355,50563,89444,305,471.02
2026-08-19 12:26:12,21.3,87.5,72.8,14923768,86974603,50582,89479,304,449.72
2026-08-19 12:26:18,30.9,87.8,72.8,14943981,87006367,50667,89564,311,449.31
2026-08-19 12:26:25,20.9,87.8,72.8,14953303,87038996,50701,89609,309,487.83
2026-08-19 12:26:32,20.6,84.0,72.8,14960114,87060106,50742,89659,300,629.63
2026-08-19 12:26:38,18.7,83.7,72.8,14966348,87071554,50774,89701,296,457.41
2026-08-19 12:26:45,23.5,83.8,72.8,14978641,87114614,50839,89808,296,453.12
2026-08-19 12:26:51,29.7,83.7,72.8,14990659,87141597,50871,89857,220,446.5
2026-08-19 12:26:58,20.1,83.3,72.8,15001906,87176279,50906,89913,220,446.05
2026-08-19 12:27:04,22.3,82.9,72.8,15048325,87307751,51058,90088,210,454.21
2026-08-19 12:27:11,20.2,84.7,72.8,15116571,87431056,51316,90358,223,493.69
2026-08-19 12:27:17,23.0,84.0,72.8,15128140,87444085,51359,90406,222,529.85
2026-08-19 12:27:24,27.7,84.0,72.8,15149027,87461738,51414,90474,220,454.27
2026-08-19 12:27:30,27.9,84.6,72.8,15154957,87477906,51439,90516,220,470.36
2026-08-19 12:27:37,19.8,85.4,72.8,15178804,87494084,51481,90568,220,437.3
2026-08-19 12:27:43,18.9,84.6,72.8,15184293,87512265,51500,90611,206,468.77
2026-08-19 12:27:50,17.1,84.5,72.8,15190501,87536614,51531,90680,202,469.04
2026-08-19 12:27:56,14.9,84.5,72.8,15196136,87556311,51551,90714,202,462.62
2026-08-19 12:28:03,19.3,84.6,72.8,15208260,87582944,51592,90770,170,476.88
2026-08-19 12:28:09,18.0,84.7,72.8,15213710,87603570,51611,90803,169,473.55
2026-08-19 12:28:16,21.1,84.8,72.8,15239253,87632508,51703,90897,171,454.78
2026-08-19 12:28:22,15.2,84.6,72.8,15247583,87651037,51731,90936,171,445.76
2026-08-19 12:28:28,28.4,85.3,72.8,15262251,87673036,51798,91010,178,435.02
2026-08-19 12:28:35,16.3,84.8,72.8,15268072,87698944,51822,91048,177,447.03
2026-08-19 12:28:41,16.6,85.1,72.8,15273879,87728169,51844,91082,171,455.99
2026-08-19 12:28:48,17.7,85.2,72.8,15279988,87768968,51875,91156,168,449.98
2026-08-19 12:28:54,16.2,85.1,72.8,15285576,87801836,51896,91197,167,470.52
2026-08-19 12:29:01,20.2,85.3,72.8,15295187,87816738,51926,91233,156,453.56
2026-08-19 12:29:07,14.8,85.7,72.8,15300537,87828377,51943,91263,156,463.0
2026-08-19 12:29:14,31.4,87.7,72.8,15346893,87925673,52054,91404,140,442.01
2026-08-19 12:29:20,24.3,89.1,72.8,15356083,87955613,52101,91463,135,470.52
2026-08-19 12:29:27,29.5,88.9,72.8,15361916,87967625,52125,91495,134,479.33
2026-08-19 12:29:33,23.7,87.6,72.8,15373308,87993730,52199,91576,138,459.35
2026-08-19 12:29:40,18.3,87.9,72.8,15380963,88012223,52230,91613,139,439.39
2026-08-19 12:29:46,16.3,84.8,72.8,15405969,88059954,52313,91707,138,480.87
2026-08-19 12:29:53,34.1,86.7,72.8,15445256,88152540,52383,91808,140,468.37
2026-08-19 12:29:59,40.8,90.4,72.8,15450895,88164268,52403,91837,139,443.75
2026-08-19 12:30:06,33.9,89.3,72.8,15523944,88278452,52675,92130,163,472.19
2026-08-19 12:30:12,18.6,87.4,72.8,15542304,88311525,52743,92208,169,470.76
2026-08-19 12:30:19,18.0,86.1,72.8,15548200,88323232,52769,92241,163,485.97
2026-08-19 12:30:25,18.4,86.2,72.8,15553847,88342967,52790,92273,160,472.56
2026-08-19 12:30:32,18.3,86.5,72.8,15559736,88358792,52814,92303,160,466.93
2026-08-19 12:30:38,23.3,84.4,72.8,15566907,88378171,52853,92350,152,465.05
2026-08-19 12:30:45,15.9,83.4,72.8,15575303,88406480,52895,92431,150,459.13
2026-08-19 12:30:51,24.3,83.3,72.8,15580960,88419654,52915,92456,150,463.86
2026-08-19 12:30:58,19.1,83.2,72.8,15593239,88449435,52946,92499,156,450.57
2026-08-19 12:31:04,19.9,84.4,72.8,15669945,88556945,53263,92831,192,482.85
2026-08-19 12:31:11,19.2,83.5,72.8,15678341,88584917,53294,92868,193,473.68
2026-08-19 12:31:17,21.5,83.7,72.8,15683733,88598622,53312,92896,188,453.82
2026-08-19 12:31:24,18.1,83.6,72.8,15689270,88631726,53331,92942,187,449.03
2026-08-19 12:31:30,21.3,83.8,72.8,15694859,88648531,53351,92972,169,461.92
2026-08-19 12:31:37,23.8,83.5,72.8,15700555,88659600,53372,93000,169,452.74
2026-08-19 12:31:43,24.8,83.5,72.8,15707693,88689021,53411,93068,172,459.66
2026-08-19 12:31:50,20.4,84.1,72.8,15726486,88707102,53459,93126,173,464.97
2026-08-19 12:31:56,20.7,83.1,72.8,15733021,88731245,53491,93167,173,455.12
2026-08-19 12:32:03,18.8,83.2,72.8,15749640,88836095,53568,93256,162,461.19
2026-08-19 12:32:09,15.9,83.4,72.8,15754919,88849702,53584,93281,153,449.82
2026-08-19 12:32:16,17.0,83.7,72.8,15760533,88869366,53603,93309,150,442.87
2026-08-19 12:32:22,18.3,83.8,72.8,15766450,88890016,53626,93345,150,435.01
2026-08-19 12:32:29,29.3,84.2,72.8,15771730,88906863,53642,93373,150,444.72
2026-08-19 12:32:35,18.6,84.1,72.8,15777418,88921872,53666,93406,147,455.61
2026-08-19 12:32:43,19.6,84.2,72.8,15783647,88947988,53692,93462,147,1289.49
2026-08-19 12:32:49,18.4,83.6,72.8,15798322,88982589,53765,93541,154,469.65
2026-08-19 12:32:56,17.5,83.8,72.8,15822936,89012629,53845,93639,157,457.82
2026-08-19 12:33:02,22.3,83.4,72.8,15834757,89045516,53879,93691,131,429.56
2026-08-19 12:33:08,21.4,84.1,72.8,15857649,89087513,53955,93784,135,447.23
2026-08-19 12:33:15,22.8,87.5,72.8,15863103,89103646,53974,93814,135,463.27
2026-08-19 12:33:21,16.0,86.9,72.8,15868819,89127820,53995,93849,133,480.47
2026-08-19 12:33:28,20.4,87.0,72.8,15876464,89149905,54030,93891,137,434.92
2026-08-19 12:33:34,16.6,87.1,72.8,15882274,89163853,54053,93924,134,441.77
2026-08-19 12:33:41,23.6,87.2,72.8,15887747,89181332,54071,93952,130,431.93
2026-08-19 12:33:47,17.8,87.2,72.8,15893253,89212939,54089,94007,130,484.2
2026-08-19 12:33:54,18.2,86.9,72.8,15900428,89235505,54128,94056,130,450.84
2026-08-19 12:34:00,25.4,87.2,72.8,15909213,89257862,54147,94108,130,441.64
2026-08-19 12:34:07,20.1,87.0,72.8,15914990,89283986,54169,94141,123,480.97
2026-08-19 12:34:13,20.7,87.0,72.8,15920509,89295140,54188,94167,122,476.26
2026-08-19 12:34:20,16.1,86.9,72.8,15928553,89319543,54209,94201,123,586.21
2026-08-19 12:34:27,39.8,83.6,72.8,16041815,89478771,54675,94665,184,677.86
2026-08-19 12:34:33,8.9,76.1,72.8,16114632,89834993,54944,95103,203,526.04
2026-08-19 12:34:40,10.8,75.6,72.8,16165462,89950166,55126,95327,224,457.57
2026-08-19 12:34:46,7.7,76.2,72.8,16180483,89996071,55183,95427,226,462.74
2026-08-19 12:34:53,23.8,75.8,72.8,16186105,90009682,55204,95456,207,442.21
2026-08-19 12:34:59,33.5,76.7,72.8,16197730,90034008,55250,95510,193,447.81
2026-08-19 12:35:06,22.3,80.7,72.8,16365638,93575774,55889,98436,198,482.66
2026-08-19 12:35:12,1.6,78.4,72.8,16371296,93587737,55910,98463,192,452.84
2026-08-19 12:35:19,23.1,79.5,72.8,16535451,98425646,56714,102419,213,450.69
2026-08-19 12:35:25,20.5,78.6,72.8,16540812,98450920,56731,102448,213,474.89
2026-08-19 12:35:32,14.9,78.3,72.8,16651387,99784308,57115,103622,220,684.59
2026-08-19 12:35:38,11.1,77.7,72.8,16694342,100292331,57289,104098,227,441.79
2026-08-19 12:35:45,14.0,77.3,72.8,16703397,100318383,57315,104156,225,464.32
2026-08-19 12:35:51,10.0,77.8,72.8,16772833,102495495,57628,105913,222,457.25
2026-08-19 12:35:58,12.7,79.5,72.8,16806761,102525322,57698,106001,225,424.11
2026-08-19 12:36:04,24.8,81.6,72.8,16839625,102572088,57798,106126,221,447.91
2026-08-19 12:36:11,12.2,81.4,72.8,16866032,102604740,57845,106188,222,432.94
2026-08-19 12:36:17,16.3,80.8,72.8,16933961,103016281,58112,106653,238,426.87
2026-08-19 12:36:24,13.6,81.7,72.8,17112024,107698820,58888,110497,228,469.83
2026-08-19 12:36:30,47.8,90.0,72.8,17356891,119257420,60465,119608,220,483.51
2026-08-19 12:36:37,15.3,90.0,72.8,17613726,145640817,63019,140086,205,491.79
2026-08-19 12:36:43,21.9,90.7,72.8,17865636,171490037,65537,160157,202,466.16
2026-08-19 12:36:50,19.8,90.7,72.8,18057138,183102034,66763,169227,195,448.86
2026-08-19 12:36:56,14.9,90.4,72.8,18286680,205545920,69028,186628,182,468.34
2026-08-19 12:37:03,14.7,90.6,72.8,18552363,230912592,71659,206310,179,501.67
2026-08-19 12:37:09,14.2,90.6,72.8,18813461,257108196,74292,226624,176,470.92
2026-08-19 12:37:16,20.3,91.4,72.8,19076035,282724464,76874,246495,170,460.78
2026-08-19 12:37:22,24.1,92.4,72.8,19365571,308171535,79578,266301,174,516.57
2026-08-19 12:37:29,38.1,94.8,72.8,19692126,334105538,82436,286556,196,617.3
2026-08-19 12:37:35,17.1,83.2,72.8,19830567,341166722,83393,292150,200,445.87
2026-08-19 12:37:42,11.6,81.5,72.8,19856584,342748284,83571,293404,200,610.26
2026-08-19 12:37:49,32.1,82.0,72.8,19878131,342782088,83633,293494,205,437.62
2026-08-19 12:37:55,9.5,80.2,72.8,19898383,342846677,83705,293599,207,458.51
2026-08-19 12:38:02,18.5,80.4,72.8,19918245,342867921,83743,293651,181,458.57
2026-08-19 12:38:08,19.2,80.7,72.8,19936432,342897824,83801,293721,179,452.99
2026-08-19 12:38:15,21.0,80.8,72.8,19941712,342914623,83817,293747,169,461.16
2026-08-19 12:38:21,15.7,80.9,72.8,19951916,342945369,83849,293795,155,468.12
2026-08-19 12:38:28,25.4,82.6,72.8,20203386,354408636,85428,302908,185,447.28
2026-08-19 12:38:34,17.5,81.4,72.8,20217090,354429195,85472,302963,181,443.82
2026-08-19 12:38:40,16.9,81.7,72.8,20234076,354461420,85507,303016,183,440.27
2026-08-19 12:38:47,18.0,82.4,72.8,20336049,356801649,86000,304944,188,476.44
2026-08-19 12:38:53,13.7,81.9,72.8,20394046,359776022,86324,307276,182,457.36
2026-08-19 12:39:00,20.5,81.7,72.8,20423084,361069593,86492,308310,182,466.15
2026-08-19 12:39:06,10.0,81.3,72.8,20433180,361099690,86515,308351,174,464.69
2026-08-19 12:39:13,12.6,81.1,72.8,20441593,361119089,86556,308400,173,473.73
2026-08-19 12:39:19,16.6,81.5,72.8,20447188,361136616,86575,308432,168,441.49
2026-08-19 12:39:26,13.6,81.5,72.8,20455983,361169054,86599,308476,163,464.18
2026-08-19 12:39:32,15.2,84.7,72.8,20796934,384793975,89119,327023,175,494.02
2026-08-19 12:39:39,10.5,84.6,72.8,20954263,401659803,90645,340116,175,455.61
2026-08-19 12:39:45,14.5,84.4,72.8,20968766,401703619,90695,340203,177,444.09
2026-08-19 12:39:52,12.7,83.7,72.8,20981187,401736590,90750,340271,182,440.14
2026-08-19 12:39:58,18.1,82.2,72.8,21107390,406221032,91473,343832,185,457.57
2026-08-19 12:40:05,15.4,81.7,72.8,21117688,406238599,91497,343866,174,453.98
2026-08-19 12:40:12,14.2,82.2,72.8,21135681,406273925,91549,343928,171,1264.8
2026-08-19 12:40:19,13.5,80.8,72.8,21169012,406314554,91643,344030,173,470.74
2026-08-19 12:40:25,10.4,80.2,72.8,21200591,406343219,91713,344119,156,438.0
2026-08-19 12:40:32,5.9,77.8,72.8,21215259,406380333,91772,344188,148,455.71
2026-08-19 12:40:38,7.1,77.3,72.8,21221038,406413800,91794,344227,147,437.8
2026-08-19 12:40:45,15.3,77.5,72.8,21243980,406455407,91833,344319,146,435.22
2026-08-19 12:40:51,2.9,77.4,72.8,21260716,406481669,91891,344386,151,450.08
2026-08-19 12:40:58,2.7,77.3,72.8,21266291,406504408,91910,344416,149,467.33
2026-08-19 12:41:04,3.2,77.1,72.8,21275402,406521913,91933,344451,149,452.19
2026-08-19 12:41:11,11.3,77.4,72.8,21282665,406556030,91960,344493,147,486.04
2026-08-19 12:41:17,48.7,83.5,72.8,21353984,406783519,92154,344701,157,433.93
2026-08-19 12:41:23,4.6,82.7,72.8,21398293,406808570,92195,344763,154,447.37
2026-08-19 12:41:30,2.1,82.2,72.8,21409646,406832291,92228,344803,144,458.69
2026-08-19 12:41:36,1.7,81.8,72.8,21415000,406859852,92245,344831,141,442.06
2026-08-19 12:41:43,2.0,81.9,72.8,21420698,406881524,92265,344865,134,429.62
2026-08-19 12:41:49,1.5,81.9,72.8,21434882,406901490,92291,344921,131,443.97
2026-08-19 12:41:56,3.1,82.0,72.8,21440328,406926902,92310,344953,131,448.95
2026-08-19 12:42:02,2.0,81.5,72.8,21449498,406943941,92333,344985,128,438.92
2026-08-19 12:42:09,2.9,81.5,72.8,21462759,407049319,92408,345082,132,461.38
2026-08-19 12:42:15,1.6,81.5,72.8,21468204,407066454,92426,345108,125,454.66
2026-08-19 12:42:22,2.8,81.3,72.8,21475332,407102867,92464,345181,127,439.42
2026-08-19 12:42:28,1.3,81.7,72.8,21485852,407139492,92507,345235,130,439.34
2026-08-19 12:42:34,3.1,81.8,72.8,21491407,407171275,92527,345272,130,450.13
2026-08-19 12:42:41,1.6,81.6,72.8,21496885,407192375,92545,345304,126,435.86
2026-08-19 12:42:47,2.7,81.7,72.8,21502618,407225963,92567,345367,126,449.98
2026-08-19 12:42:54,1.0,81.5,72.8,21508133,407251319,92586,345401,123,429.49
2026-08-19 12:43:00,4.6,81.7,72.8,21514210,407267689,92616,345437,117,441.16
2026-08-19 12:43:07,1.5,81.4,72.8,21522776,407291424,92633,345470,117,441.13
2026-08-19 12:43:13,2.1,81.4,72.8,21528281,407315165,92651,345501,117,432.43
2026-08-19 12:43:20,2.4,81.6,72.8,21533851,407340604,92671,345533,113,440.46
2026-08-19 12:43:26,1.4,81.6,72.8,21541090,407365809,92711,345585,116,461.8
2026-08-19 12:43:32,3.1,81.3,72.8,21548543,407390120,92744,345626,120,445.34
2026-08-19 12:43:39,0.0,81.3,72.8,21553971,407403749,92762,345650,115,454.88
2026-08-19 12:43:45,2.9,81.2,72.8,21559576,407425196,92782,345704,115,457.02
2026-08-19 12:43:52,0.0,81.3,72.8,21565193,407441071,92800,345728,115,450.3
2026-08-19 12:43:58,3.3,81.4,72.8,21571364,407457880,92825,345761,115,437.81
2026-08-19 12:44:05,0.8,81.4,72.8,21582812,407482531,92854,345802,113,452.74
2026-08-19 12:44:11,1.9,81.4,72.8,21588092,407499310,92870,345830,113,446.49
2026-08-19 12:44:18,1.2,81.3,72.8,21593597,407516525,92888,345857,113,441.89
2026-08-19 12:44:24,2.5,81.6,72.8,21599218,407534240,92909,345889,110,443.22
2026-08-19 12:44:31,1.2,81.8,72.8,21606319,407552497,92947,345932,113,441.3
2026-08-19 12:44:37,3.4,81.6,72.8,21611599,407569852,92963,345961,112,420.48
2026-08-19 12:44:43,2.1,81.7,72.8,21644230,407609678,93018,346050,117,439.19
2026-08-19 12:44:50,0.0,81.9,72.8,21652562,407644304,93052,346104,121,456.51
2026-08-19 12:44:56,3.5,81.9,72.8,21665006,407680409,93084,346151,121,440.06
2026-08-19 12:45:03,0.3,81.8,72.8,21674171,407698059,93107,346182,119,461.4
2026-08-19 12:45:09,2.1,81.8,72.8,21679451,407721011,93123,346212,117,452.64
